user_id,activity_date,dominant_tab,long_view_rate_t,prior_7d_sessions_per_day,prior_7d_avg_minutes_per_session,sessions_t,future_7d_sessions
10,2022-04-15,2,0.3333333333333333,0.2857142857142857,8.16065,2,23
10,2022-04-16,2,0.2823529411764706,0.5714285714285714,6.4761,5,24
10,2022-04-17,2,0.2318840579710145,1.2857142857142858,7.490216666666665,1,25
10,2022-04-18,2,0.39622641509433965,1.4285714285714286,9.720415,3,25
10,2022-04-19,2,0.6666666666666666,1.8571428571428572,14.696751282051281,2,27
10,2022-04-20,2,0.5625,2.142857142857143,14.390585555555555,5,29
10,2022-04-21,2,0.2903225806451613,2.7142857142857144,12.09089298245614,3,33
10,2022-04-22,2,0.5,3.0,10.80693492063492,4,34
10,2022-04-23,2,0.6933333333333334,3.2857142857142856,11.87742028985507,6,34
10,2022-04-24,2,0.7,3.4285714285714284,13.38448611111111,2,39
10,2022-04-25,2,0.5952380952380952,3.5714285714285716,12.565238666666666,3,40
10,2022-04-26,2,0.5652173913043478,3.5714285714285716,12.573582000000002,4,42
10,2022-04-27,1,0.5675675675675675,3.857142857142857,13.762601851851851,7,39
10,2022-04-29,2,0.5579710144927537,4.714285714285714,22.574388383838382,5,41
10,2022-04-30,2,0.4534412955465587,4.857142857142857,24.95160931372549,6,37
10,2022-05-01,1,0.24,4.857142857142857,26.922877941176473,7,38
12,2022-04-21,2,0.0,0.42857142857142855,28.6983,3,16
12,2022-04-22,2,0.0,0.42857142857142855,0.0,5,11
12,2022-04-23,2,0.25,1.1428571428571428,0.0,3,9
12,2022-04-24,1,0.42857142857142855,1.5714285714285714,7.262003030303029,3,7
12,2022-04-26,1,0.4,2.0,5.705859523809523,2,10
12,2022-04-27,2,0.6666666666666666,2.2857142857142856,5.370459374999999,2,13
12,2022-04-28,2,0.0,2.5714285714285716,6.677707407407407,1,16
12,2022-04-30,2,0.0,1.5714285714285714,10.927157575757574,1,22
12,2022-05-01,2,0.0,1.2857142857142858,4.479633333333333,1,22
34,2022-04-15,2,0.5874125874125874,1.2857142857142858,112.20516296296296,3,15
34,2022-04-16,1,0.46782178217821785,1.4285714285714286,88.85574666666668,10,6
34,2022-04-17,1,0.32371794871794873,2.142857142857143,46.23293888888889,4,2
34,2022-04-21,2,0.0,2.4285714285714284,38.26260882352941,1,1
34,2022-04-23,2,0.0,2.142857142857143,34.49200888888889,1,9
34,2022-04-29,1,0.26420454545454547,0.14285714285714285,0.0,2,42
34,2022-04-30,1,0.39076576576576577,0.42857142857142855,90.76568333333334,7,45
34,2022-05-01,1,0.3213166144200627,1.2857142857142858,79.47634074074075,8,42
70,2022-04-15,1,0.48484848484848486,4.0,31.727431547619044,5,43
70,2022-04-16,1,0.24118738404452691,4.142857142857143,30.832143103448278,5,41
70,2022-04-17,1,0.28253968253968254,4.428571428571429,31.85908440860215,8,36
70,2022-04-18,1,0.391304347826087,4.857142857142857,30.20151225490196,1,39
70,2022-04-19,1,0.3287671232876712,4.571428571428571,31.698134375000002,7,37
70,2022-04-20,1,0.22304832713754646,4.571428571428571,31.70937447916667,8,37
70,2022-04-21,1,0.2714285714285714,5.285714285714286,25.53962162162162,7,37
70,2022-04-22,1,0.35,5.857142857142857,23.16773536585366,7,36
70,2022-04-23,1,0.5147058823529411,6.142857142857143,21.749191860465114,3,38
70,2022-04-24,2,0.35789473684210527,5.857142857142857,20.71155650406504,3,44
70,2022-04-26,1,0.4057142857142857,5.571428571428571,25.892101282051282,5,53
70,2022-04-27,1,0.11979695431472082,5.285714285714286,23.581455855855857,8,54
70,2022-04-28,1,0.28169014084507044,5.285714285714286,28.95282252252252,7,55
70,2022-04-29,1,0.27708333333333335,5.285714285714286,31.956684234234228,6,57
70,2022-04-30,1,0.36258278145695366,5.142857142857143,36.63174629629629,5,61
70,2022-05-01,1,0.29974811083123426,5.428571428571429,39.403963596491224,9,59
77,2022-04-17,2,0.0,0.5714285714285714,25.664883333333336,1,1
77,2022-04-18,2,0.6888888888888889,0.42857142857142855,4.922233333333334,1,0
77,2022-05-01,1,0.38426453819840367,0.14285714285714285,108.48538333333333,6,27
82,2022-04-15,1,0.11505922165820642,5.0,59.521752380952385,5,29
82,2022-04-16,1,0.13787638668779714,5.428571428571429,58.39031096491228,3,30
82,2022-04-17,1,0.10957178841309824,4.857142857142857,59.6226681372549,6,28
82,2022-04-18,1,0.1735966735966736,4.428571428571429,60.56183333333333,3,29
82,2022-04-19,1,0.15610328638497653,4.142857142857143,67.51931781609196,3,30
82,2022-04-21,1,0.09879032258064516,4.142857142857143,61.04120229885058,5,30
82,2022-04-22,2,0.20236686390532543,4.285714285714286,57.98256055555556,4,32
82,2022-04-23,1,0.16666666666666666,4.142857142857143,57.09767586206896,4,39
82,2022-04-25,1,0.19818652849740934,4.0,61.259550000000004,4,39
82,2022-04-26,1,0.14805194805194805,4.142857142857143,54.56407183908047,4,41
82,2022-05-01,1,0.19254658385093168,5.571428571428571,43.899375213675214,4,37
86,2022-04-15,2,0.5,2.0,4.9757083333333325,3,11
86,2022-04-16,2,0.5652173913043478,2.2857142857142856,6.5045802083333335,1,13
86,2022-04-17,2,1.0,2.0,7.323324999999999,1,14
86,2022-04-18,2,1.0,2.0,7.323324999999999,1,14
86,2022-04-19,2,1.0,1.8571428571428572,5.042715384615383,1,16
86,2022-04-20,2,0.3333333333333333,1.5714285714285714,5.959572727272726,1,19
86,2022-04-21,2,0.3333333333333333,1.4285714285714286,6.555529999999999,3,19
86,2022-04-22,2,0.20512820512820512,1.5714285714285714,4.368643939393939,3,20
86,2022-04-23,2,0.7058823529411765,1.5714285714285714,1.7036060606060603,3,19
86,2022-04-24,2,0.6666666666666666,1.8571428571428572,8.542535897435897,2,18
86,2022-04-25,1,0.46296296296296297,2.0,12.09784642857143,1,19
86,2022-04-26,1,0.5691056910569106,2.0,14.934853571428572,3,18
86,2022-04-27,1,0.45255474452554745,2.2857142857142856,17.139273958333334,4,18
86,2022-04-28,2,0.5918367346938775,2.7142857142857144,17.890997368421054,3,20
86,2022-04-29,1,0.4537037037037037,2.7142857142857144,20.697827192982455,4,17
86,2022-04-30,1,0.488,2.857142857142857,21.471758333333334,2,20
86,2022-05-01,1,0.582089552238806,2.7142857142857144,25.745242105263156,1,22
103,2022-04-15,1,0.7058823529411765,3.857142857142857,9.830056790123457,2,37
103,2022-04-16,2,0.5384615384615384,3.142857142857143,10.53044090909091,4,40
103,2022-04-17,2,0.5047619047619047,2.857142857142857,10.635004166666667,6,39
103,2022-04-20,1,0.725,3.2857142857142856,7.781583333333335,3,39
103,2022-04-21,1,0.5666666666666667,3.5714285714285716,9.299757333333334,5,39
103,2022-04-22,1,0.42201834862385323,4.285714285714286,9.034652222222222,9,35
103,2022-04-23,1,0.3707865168539326,5.285714285714286,10.02588963963964,7,34
103,2022-04-24,1,0.6333333333333333,5.714285714285714,10.366339583333334,5,34
103,2022-04-25,1,0.6568627450980392,5.571428571428571,9.006720512820513,7,34
103,2022-04-26,1,0.7407407407407407,6.0,10.477374206349209,3,33
103,2022-04-28,1,0.6,5.571428571428571,10.788985042735042,5,29
103,2022-04-29,1,0.7948717948717948,5.571428571428571,10.553279487179488,5,27
103,2022-04-30,1,0.5909090909090909,5.0,9.636681428571428,6,25
103,2022-05-01,1,0.7215189873417721,4.857142857142857,8.980960294117647,5,23
115,2022-04-15,2,0.5952045133991537,4.285714285714286,71.65738888888889,5,41
115,2022-04-16,2,0.6231691078561917,4.285714285714286,77.37273444444443,8,38
115,2022-04-17,2,0.5596919127086007,4.714285714285714,68.83074747474748,6,38
115,2022-04-18,2,0.5347222222222222,5.285714285714286,67.8644,5,37
115,2022-04-19,2,0.6565656565656566,5.285714285714286,67.21714774774776,4,40
115,2022-04-20,2,0.7257281553398058,5.428571428571429,60.62250833333332,5,38
115,2022-04-21,2,0.6706443914081146,5.428571428571429,59.66727719298246,7,36
115,2022-04-22,2,0.75,5.714285714285714,52.80583708333334,6,36
115,2022-04-23,2,0.7565891472868217,5.857142857142857,51.70214146341463,5,35
115,2022-04-24,1,0.6048387096774194,5.428571428571429,53.82698114035088,6,34
115,2022-04-25,2,0.7007299270072993,5.428571428571429,44.67434078947369,4,34
115,2022-04-26,1,0.7468619246861925,5.285714285714286,48.170809009009005,7,31
115,2022-04-27,1,0.6905829596412556,5.714285714285714,52.832401666666655,3,33
115,2022-04-28,1,0.6027060270602707,5.428571428571429,63.2382451754386,5,35
115,2022-04-29,2,0.6263157894736842,5.142857142857143,75.46607824074074,6,34
115,2022-04-30,2,0.6281446540880503,5.142857142857143,73.68498981481483,4,33
115,2022-05-01,2,0.6533466533466533,5.0,82.44162476190475,5,35
123,2022-04-15,1,0.2576966932725199,8.571428571428571,33.58627277777778,9,60
123,2022-04-16,1,0.281437125748503,8.571428571428571,32.78754027777778,10,55
123,2022-04-17,1,0.3180987202925046,9.142857142857142,31.87827578125,5,56
123,2022-04-18,1,0.25392156862745097,9.0,32.048984656084656,12,52
123,2022-04-19,1,0.32304900181488205,9.285714285714286,30.36407743589744,8,55
123,2022-04-20,1,0.2804123711340206,8.857142857142858,30.034333064516122,9,51
123,2022-04-21,1,0.3411764705882353,8.714285714285714,30.695855737704917,8,52
123,2022-04-22,1,0.26906474820143883,8.714285714285714,31.826147540983605,8,53
123,2022-04-23,1,0.26153846153846155,8.571428571428571,32.02104277777778,5,60
123,2022-04-24,1,0.27794561933534745,7.857142857142857,31.041052121212118,6,64
123,2022-04-25,1,0.3020285499624343,8.0,29.179706547619045,8,60
123,2022-04-26,1,0.3053571428571429,7.428571428571429,37.89210961538462,11,52
123,2022-04-27,1,0.22439893143365983,7.857142857142857,39.64301030303031,5,56
123,2022-04-28,1,0.2892459826946848,7.285714285714286,41.549097385620925,9,58
123,2022-04-29,1,0.3085824493731919,7.428571428571429,39.75091538461538,9,57
123,2022-04-30,1,0.23809523809523808,7.571428571428571,42.41427012578616,12,49
123,2022-05-01,2,0.18890356671070013,8.571428571428571,40.48860722222223,10,50
134,2022-04-15,2,0.37037037037037035,5.142857142857143,14.87025833333333,1,39
134,2022-04-16,2,1.0,4.714285714285714,16.627803030303028,1,40
134,2022-04-17,2,0.37349397590361444,4.0,17.744233928571425,7,35
134,2022-04-18,2,0.4866666666666667,4.0,17.90657380952381,7,32
134,2022-04-19,2,0.3181818181818182,4.0,19.61733511904762,6,28
134,2022-04-20,2,0.1957547169811321,4.142857142857143,17.10031379310345,6,27
134,2022-04-21,2,0.44776119402985076,4.571428571428571,19.07689010416667,5,24
134,2022-04-22,2,0.4567307692307692,4.714285714285714,18.7059,7,20
134,2022-04-23,2,0.5,5.571428571428571,18.96557606837607,2,20
134,2022-04-24,2,0.5925925925925926,5.714285714285714,18.726352083333335,2,22
134,2022-04-25,2,0.42424242424242425,5.0,19.469067142857142,4,22
134,2022-04-26,2,0.3333333333333333,4.571428571428571,17.12054895833333,2,26
134,2022-04-27,2,0.3584905660377358,4.0,16.94391726190476,5,25
134,2022-04-28,1,0.22916666666666666,3.857142857142857,11.883577777777775,2,30
134,2022-04-29,1,0.2737430167597765,3.4285714285714284,12.018345833333333,3,32
134,2022-04-30,1,0.7,2.857142857142857,13.352497499999998,2,34
134,2022-05-01,1,0.40683229813664595,2.857142857142857,13.017589999999998,4,33
136,2022-04-15,2,0.15157894736842106,3.0,55.24060079365078,3,16
136,2022-04-16,2,0.41387024608501116,3.0,49.9469873015873,2,18
136,2022-04-17,2,0.46835443037974683,2.5714285714285716,57.1631675925926,2,17
136,2022-04-19,2,0.0,1.8571428571428572,69.57891025641025,1,17
136,2022-04-20,2,0.29098360655737704,1.8571428571428572,65.83403974358974,3,16
136,2022-04-21,2,0.27722772277227725,2.142857142857143,61.279445555555554,4,14
136,2022-04-22,1,0.2645739910313901,2.2857142857142856,46.737709375,3,14
136,2022-04-23,2,0.2996941896024465,2.2857142857142856,44.709271875,4,15
136,2022-04-25,1,0.265625,2.4285714285714284,27.500782352941176,1,22
136,2022-04-26,1,0.2962962962962963,2.4285714285714284,30.098199019607847,1,25
136,2022-04-28,1,0.43023255813953487,2.2857142857142856,33.45947083333333,2,30
136,2022-04-29,1,0.11645569620253164,2.0,38.40513214285714,3,28
136,2022-04-30,1,0.21871820956256358,2.0,36.72617738095237,5,27
136,2022-05-01,2,0.3034825870646766,2.142857142857143,41.20976777777778,3,31
177,2022-04-15,1,0.27848101265822783,7.571428571428571,13.68022075471698,9,50
177,2022-04-16,1,0.15497076023391812,8.142857142857142,12.372480116959062,8,47
177,2022-04-17,1,0.24675324675324675,8.285714285714286,11.87110632183908,9,47
177,2022-04-18,2,0.2109375,8.428571428571429,11.539188418079094,6,48
177,2022-04-19,1,0.44554455445544555,8.428571428571429,12.235525988700564,9,48
177,2022-04-20,1,0.5138888888888888,8.428571428571429,12.239446610169491,5,49
177,2022-04-21,1,0.6022727272727273,8.142857142857142,11.809701169590646,8,48
177,2022-04-22,2,0.4482758620689655,7.714285714285714,12.47805802469136,5,51
177,2022-04-23,1,0.41338582677165353,7.142857142857143,15.820300666666666,5,54
177,2022-04-24,1,0.43478260869565216,6.714285714285714,19.62299078014184,9,52
177,2022-04-25,1,0.2876712328767123,6.714285714285714,20.124203546099288,7,53
177,2022-04-26,1,0.41605839416058393,6.857142857142857,21.449768402777774,9,51
177,2022-04-27,1,0.30201342281879195,6.857142857142857,22.662267361111116,6,52
177,2022-04-28,1,0.609375,7.0,22.56708163265306,7,54
177,2022-04-29,1,0.36,6.857142857142857,22.82705138888889,8,52
177,2022-04-30,2,0.17603911980440098,7.285714285714286,18.65409411764706,8,52
177,2022-05-01,1,0.3627450980392157,7.714285714285714,15.271541666666668,7,53
198,2022-04-15,2,0.36625,6.0,79.34303333333334,4,45
198,2022-04-16,2,0.39872842870118075,5.571428571428571,82.23401196581196,6,45
198,2022-04-17,2,0.3680851063829787,5.571428571428571,84.9076106837607,5,46
198,2022-04-18,2,0.38529411764705884,5.571428571428571,86.15927478632479,5,47
198,2022-04-19,2,0.36284470246734396,5.714285714285714,81.34036416666666,9,43
198,2022-04-20,1,0.3409873708381171,6.0,75.31260515873016,5,46
198,2022-04-21,2,0.28381642512077293,5.571428571428571,72.84744743589742,9,44
198,2022-04-22,2,0.31961077844311375,6.142857142857143,71.36367558139536,6,45
198,2022-04-23,2,0.2767371601208459,6.428571428571429,72.00104296296297,6,43
198,2022-04-24,2,0.3497668221185876,6.428571428571429,76.04417259259262,6,43
198,2022-04-25,2,0.2955209347614411,6.571428571428571,78.6066061594203,6,45
198,2022-04-26,2,0.34375,6.714285714285714,84.95888333333333,5,48
198,2022-04-27,2,0.34292035398230086,6.142857142857143,97.45716627906977,8,49
198,2022-04-28,2,0.20814220183486237,6.571428571428571,90.99316304347825,7,49
198,2022-04-29,2,0.23485653560042508,6.285714285714286,90.98136439393939,7,48
198,2022-04-30,2,0.23395613322502032,6.428571428571429,84.5732674074074,4,48
198,2022-05-01,2,0.29421696918531026,6.142857142857143,80.07217170542636,6,47
262,2022-04-15,2,0.5,6.571428571428571,21.019364492753624,6,36
262,2022-04-16,2,0.5185185185185185,6.0,18.96672896825397,8,37
262,2022-04-17,2,0.40540540540540543,6.285714285714286,18.867309469696973,5,36
262,2022-04-18,2,0.6666666666666666,6.285714285714286,11.471950757575756,5,40
262,2022-04-19,2,0.5862068965517241,6.142857142857143,12.490437209302325,6,41
262,2022-04-20,2,0.75,6.142857142857143,11.414008914728683,2,42
262,2022-04-21,2,0.625,5.142857142857143,8.968925462962963,4,46
262,2022-04-22,2,0.5714285714285714,5.142857142857143,10.579372222222224,6,48
262,2022-04-24,2,0.42857142857142855,5.285714285714286,14.452115315315314,4,48
262,2022-04-25,2,0.5652173913043478,5.142857142857143,14.769469444444447,9,45
262,2022-04-26,2,0.3448275862068966,5.714285714285714,13.601395000000002,7,48
262,2022-04-27,2,0.5,5.857142857142857,14.444769512195125,3,52
262,2022-04-28,1,0.5308641975308642,6.0,13.968668650793651,8,53
262,2022-04-29,2,0.6290322580645161,6.571428571428571,12.129863405797101,8,56
262,2022-05-01,2,0.7142857142857143,6.714285714285714,15.963074822695036,5,59
263,2022-04-15,2,0.6490566037735849,5.571428571428571,27.93126153846154,3,19
263,2022-04-19,1,0.4942528735632184,3.0,27.285723015873014,5,31
263,2022-04-20,1,0.5503875968992248,2.857142857142857,21.1593075,6,29
263,2022-04-21,1,0.6179775280898876,3.0,23.34942142857143,2,33
263,2022-04-22,1,0.6846846846846847,2.4285714285714284,23.64544411764706,5,35
263,2022-04-23,1,0.6595744680851063,2.7142857142857144,16.500957017543865,4,35
263,2022-04-24,1,0.6058091286307054,3.2857142857142856,20.370401449275363,4,36
263,2022-04-25,1,0.7443946188340808,3.857142857142857,19.912725308641978,6,34
263,2022-04-26,1,0.697560975609756,4.571428571428571,21.313406770833335,4,33
263,2022-04-27,1,0.7464788732394366,4.428571428571429,24.80508709677419,4,38
263,2022-04-28,1,0.6816143497757847,4.142857142857143,25.92899827586207,6,37
263,2022-04-29,1,0.5777202072538861,4.714285714285714,24.52581212121212,7,34
263,2022-04-30,1,0.6449704142011834,5.0,28.394458095238097,4,34
263,2022-05-01,1,0.5769230769230769,5.0,30.00673285714286,5,32
278,2022-04-15,1,0.21666666666666667,6.142857142857143,34.8576503875969,4,43
278,2022-04-16,1,0.4978540772532189,5.571428571428571,30.854663247863243,6,46
278,2022-04-17,1,0.5887850467289719,5.714285714285714,36.08606375,8,42
278,2022-04-18,1,0.5,5.857142857142857,34.8169081300813,7,41
278,2022-04-19,1,0.5,6.285714285714286,28.8106678030303,7,40
278,2022-04-20,1,0.4228571428571429,6.428571428571429,28.157889259259264,5,42
278,2022-04-21,1,0.22972972972972974,5.571428571428571,37.65634358974359,5,42
278,2022-04-22,1,0.6423841059602649,6.0,40.75925674603174,5,48
278,2022-04-23,1,0.5535135135135135,6.142857142857143,44.11188527131783,9,46
278,2022-04-24,1,0.47643979057591623,6.571428571428571,41.91001268115942,4,51
278,2022-04-25,1,0.5291005291005291,6.0,42.80538769841269,6,54
278,2022-04-26,2,0.4114713216957606,5.857142857142857,51.859393089430895,6,55
278,2022-04-27,1,0.5174825174825175,5.714285714285714,56.72402875,7,54
278,2022-04-28,1,0.5576923076923077,6.0,53.60268611111112,5,55
278,2022-04-30,1,0.6049046321525886,6.857142857142857,40.14197951388889,7,49
278,2022-05-01,1,0.6711409395973155,6.571428571428571,39.297485507246385,9,49
296,2022-04-15,1,0.6798679867986799,1.0,115.88359047619046,2,6
296,2022-04-16,1,0.6492374727668845,1.0,100.94036904761904,3,7
296,2022-04-17,1,0.5282522996057819,1.1428571428571428,92.1855375,1,6
296,2022-04-21,1,0.48554913294797686,1.0,102.92805952380952,1,6
296,2022-04-22,1,0.49635036496350365,1.0,127.64796904761904,1,6
296,2022-04-23,1,0.4949748743718593,0.8571428571428571,162.452325,4,6
296,2022-04-27,1,0.5,0.8571428571428571,112.25938611111111,1,23
296,2022-04-29,1,0.5,0.8571428571428571,83.41949166666667,1,25
296,2022-04-30,2,0.6352941176470588,0.8571428571428571,43.14053888888889,4,25
296,2022-05-01,1,0.5665584415584416,0.8571428571428571,16.677569444444444,2,27
307,2022-04-15,1,0.6382978723404256,1.8571428571428572,14.170046153846155,5,13
307,2022-04-16,1,1.0,2.4285714285714284,12.776699999999998,1,13
307,2022-04-17,1,0.4722222222222222,2.2857142857142856,9.527044791666667,3,10
307,2022-04-18,1,0.6666666666666666,2.2857142857142856,12.403969791666665,1,10
307,2022-04-19,1,0.5,2.142857142857143,12.607866666666666,2,8
307,2022-04-20,1,0.45454545454545453,2.4285714285714284,11.124588235294118,3,6
307,2022-04-21,1,0.25,2.7142857142857144,9.337178070175439,2,5
307,2022-04-22,1,0.8333333333333334,2.4285714285714284,11.198176470588235,1,5
307,2022-04-23,1,1.0,1.8571428571428572,9.97105,1,5
307,2022-04-25,1,0.0,1.4285714285714286,7.051480000000001,1,7
307,2022-04-27,1,0.6530612244897959,1.1428571428571428,7.122908333333333,1,10
307,2022-04-28,1,1.0,0.8571428571428571,15.68938611111111,1,13
307,2022-04-29,1,0.875,0.7142857142857143,9.616173333333332,1,14
307,2022-04-30,2,0.0,0.7142857142857143,10.823593333333333,1,14
307,2022-05-01,1,0.29411764705882354,0.7142857142857143,10.836123333333333,1,13
309,2022-04-15,2,0.10526315789473684,1.1428571428571428,26.911402083333336,2,7
309,2022-04-16,1,0.780952380952381,1.2857142857142858,15.38285,1,8
309,2022-04-18,1,0.5263157894736842,1.0,27.996195238095243,2,10
309,2022-04-19,1,0.7,1.2857142857142858,28.998574074074075,1,9
309,2022-04-20,1,0.6597222222222222,1.1428571428571428,31.174533333333336,2,7
309,2022-04-22,1,0.7317073170731707,1.1428571428571428,36.7843875,1,9
309,2022-04-23,1,0.7971014492753623,1.0,50.444359523809524,2,9
309,2022-04-24,1,0.7364864864864865,1.1428571428571428,44.88657083333334,2,8
309,2022-04-25,1,0.7,1.4285714285714286,50.06043833333334,2,8
317,2022-04-15,2,0.8392857142857143,8.571428571428571,26.811083055555557,6,60
317,2022-04-16,2,0.7108433734939759,8.571428571428571,24.629239444444444,10,56
317,2022-04-17,2,0.6666666666666666,8.571428571428571,22.486935,6,59
317,2022-04-18,2,0.5636363636363636,8.428571428571429,23.291329378531067,6,63
317,2022-04-19,2,0.6792452830188679,8.142857142857142,23.86902514619883,8,64
317,2022-04-20,2,0.5939849624060151,7.857142857142857,29.345433030303028,13,62
317,2022-04-21,2,0.74,7.857142857142857,31.986783939393938,6,65
317,2022-04-22,2,0.4316546762589928,7.857142857142857,31.059223636363637,11,61
317,2022-04-23,2,0.5029585798816568,8.571428571428571,27.296057777777776,6,65
317,2022-04-24,1,0.5934065934065934,8.0,32.011778273809526,9,68
317,2022-04-25,2,0.5952380952380952,8.428571428571429,30.81805564971751,10,65
317,2022-04-26,2,0.696969696969697,9.0,29.426301851851854,9,66
317,2022-04-27,2,0.8723404255319149,9.142857142857142,24.495143489583338,11,63
317,2022-04-28,1,0.7326732673267327,8.857142857142858,24.798510483870967,9,68
317,2022-04-29,2,0.6666666666666666,9.285714285714286,22.97175538461539,7,74
317,2022-04-30,1,0.6721311475409836,8.714285714285714,22.65250628415301,10,76
317,2022-05-01,2,0.6421052631578947,9.285714285714286,17.56414051282051,12,74
343,2022-04-16,1,0.2995391705069124,13.571428571428571,20.662402631578946,14,95
343,2022-04-17,1,0.33157894736842103,13.571428571428571,21.42290578947368,15,91
343,2022-04-25,1,0.33668341708542715,13.0,14.474161172161173,12,80
343,2022-04-26,1,0.38613861386138615,13.0,14.254348717948714,14,75
343,2022-04-27,1,0.18461538461538463,13.142857142857142,13.82696884057971,10,76
343,2022-04-30,1,0.3125,12.0,11.588475793650794,17,63
343,2022-05-01,2,0.13548387096774195,12.285714285714286,11.285554263565894,10,61
381,2022-04-17,2,0.5384615384615384,5.142857142857143,57.856698611111106,6,57
381,2022-04-19,1,0.35236220472440943,5.571428571428571,41.91430341880342,4,55
384,2022-04-15,1,0.25824175824175827,5.0,19.08306761904762,6,31
384,2022-04-16,1,0.2868525896414343,5.571428571428571,17.857462393162393,9,28
384,2022-04-17,1,0.34545454545454546,6.428571428571429,17.93824259259259,2,33
384,2022-04-18,2,0.2796610169491525,6.142857142857143,19.02327480620155,4,33
384,2022-04-19,1,0.3448275862068966,6.0,19.060313492063493,5,29
384,2022-04-20,1,0.3225806451612903,5.0,19.756485714285716,3,30
384,2022-04-21,1,0.35537190082644626,4.714285714285714,20.08875808080808,3,31
384,2022-04-22,1,0.6534653465346535,4.571428571428571,19.135053645833334,5,30
384,2022-04-23,1,0.7666666666666667,4.428571428571429,22.04986559139785,6,33
384,2022-04-24,1,0.44785276073619634,4.0,21.467186904761906,7,31
384,2022-04-25,1,0.421875,4.714285714285714,22.978136868686867,4,33
384,2022-04-26,1,0.6666666666666666,4.714285714285714,21.38153434343434,1,37
384,2022-04-27,1,0.3217391304347826,4.142857142857143,20.575708620689657,4,44
384,2022-04-28,1,0.3818770226537217,4.285714285714286,22.542552222222223,4,47
384,2022-04-29,1,0.42045454545454547,4.428571428571429,24.272394623655916,4,51
384,2022-04-30,1,0.27293577981651373,4.285714285714286,22.268463888888892,9,45
384,2022-05-01,1,0.32857142857142857,4.714285714285714,22.091426262626264,5,49
389,2022-04-15,2,0.2777777777777778,4.714285714285714,6.345911616161616,5,22
389,2022-04-16,2,0.07692307692307693,4.857142857142857,7.296328921568627,2,23
389,2022-04-17,2,0.2413793103448276,4.714285714285714,7.855075252525253,3,20
389,2022-04-18,2,0.19270833333333334,4.857142857142857,8.620525,7,18
389,2022-04-19,2,0.3333333333333333,5.0,7.740473333333333,3,20
389,2022-04-20,2,0.2857142857142857,4.714285714285714,6.639218686868687,1,23
389,2022-04-21,2,0.5319148936170213,3.857142857142857,6.964532716049382,4,27
389,2022-04-22,2,0.125,3.5714285714285716,7.369389333333333,2,34
389,2022-04-23,2,0.3,3.142857142857143,6.405902272727272,3,38
389,2022-04-25,2,0.4745762711864407,2.857142857142857,3.999964166666666,5,52
389,2022-04-26,2,0.1875,2.5714285714285716,7.766708333333333,5,54
389,2022-04-27,2,0.3880597014925373,2.857142857142857,7.162398333333333,4,57
389,2022-04-28,1,0.26,3.2857142857142856,7.251268840579709,8,56
390,2022-04-15,1,0.31690140845070425,3.0,51.94639365079365,3,32
390,2022-04-16,1,0.2930232558139535,3.2857142857142856,45.88462681159421,14,25
390,2022-04-17,1,0.3176895306859206,4.0,26.46276607142857,13,13
390,2022-04-18,1,0.42857142857142855,4.857142857142857,20.306136764705883,1,12
390,2022-04-20,2,0.21428571428571427,4.714285714285714,21.049547474747474,1,13
390,2022-04-22,2,0.1780821917808219,4.571428571428571,22.989263541666666,3,13
390,2022-04-23,2,0.3275862068965517,4.571428571428571,17.995346354166667,7,18
390,2022-04-24,1,0.0,3.5714285714285716,15.978588666666667,1,25
390,2022-04-27,1,0.4264705882352941,1.7142857142857142,14.037648611111111,2,38
390,2022-04-29,1,0.3055555555555556,1.8571428571428572,15.90236153846154,3,35
390,2022-04-30,1,0.5375,1.8571428571428572,14.662429487179487,12,24
390,2022-05-01,1,0.3387096774193548,2.5714285714285716,19.02562314814815,8,25
393,2022-04-15,1,0.24044943820224718,7.285714285714286,26.17039673202615,8,54
393,2022-04-16,1,0.4444444444444444,7.571428571428571,24.735408490566037,8,54
393,2022-04-17,1,0.3568281938325991,7.857142857142857,22.17557878787879,11,53
393,2022-04-18,1,0.37344398340248963,8.571428571428571,17.42073388888889,8,52
393,2022-04-19,1,0.20119352088661552,9.0,13.082182804232806,9,52
393,2022-04-20,1,0.23066485753052918,9.142857142857142,18.261440625,8,52
393,2022-04-21,1,0.22327044025157233,9.0,22.02685476190476,5,57
393,2022-04-22,1,0.21649484536082475,8.142857142857142,24.387594152046784,5,60
393,2022-04-23,1,0.23155737704918034,7.714285714285714,23.598066975308637,8,59
393,2022-04-24,1,0.1834862385321101,7.714285714285714,26.519040432098762,10,56
393,2022-04-25,1,0.23709677419354838,7.571428571428571,29.42856729559748,7,55
393,2022-04-26,1,0.2755102040816326,7.428571428571429,32.52711185897436,9,52
393,2022-04-27,2,0.21935483870967742,7.428571428571429,26.63856987179487,8,53
393,2022-04-28,1,0.3018867924528302,7.428571428571429,22.68016153846154,10,49
393,2022-04-29,1,0.392,8.142857142857142,18.66575263157895,8,52
393,2022-04-30,1,0.15072463768115943,8.571428571428571,17.713993333333335,7,55
398,2022-04-15,2,0.0,4.0,23.127155357142858,1,15
398,2022-04-19,1,0.2462686567164179,1.7142857142857142,31.947334722222223,4,25
398,2022-04-21,1,0.24806201550387597,1.1428571428571428,17.5883125,4,28
398,2022-04-23,1,0.12048192771084337,2.142857142857143,18.496236666666668,4,31
398,2022-04-24,1,0.26804123711340205,2.7142857142857144,15.067778070175438,5,29
398,2022-04-25,1,0.2,3.4285714285714284,13.155813194444443,3,31
398,2022-04-26,1,0.24444444444444444,3.7142857142857144,13.100022435897435,3,30
398,2022-04-27,2,0.24675324675324675,3.5714285714285716,12.690684,2,32
398,2022-04-28,1,0.24691358024691357,3.857142857142857,12.741824691358023,5,30
398,2022-04-29,1,0.17575757575757575,4.0,13.135565476190475,5,26
398,2022-04-30,1,0.21036585365853658,3.857142857142857,9.622247530864197,8,22
398,2022-05-01,1,0.15702479338842976,4.428571428571429,16.465594623655914,3,19
425,2022-04-16,1,0.20618556701030927,4.285714285714286,52.148914999999995,4,32
425,2022-04-17,1,0.625,4.142857142857143,47.53755,1,37
425,2022-04-18,2,0.39114391143911437,3.7142857142857144,47.00075448717948,6,33
425,2022-04-19,1,0.6,3.7142857142857144,50.67364487179487,4,34
425,2022-04-20,2,0.658008658008658,4.0,43.878614880952384,9,28
425,2022-04-21,1,0.6198347107438017,4.571428571428571,35.607821875,6,29
425,2022-04-22,2,0.2857142857142857,4.714285714285714,34.285592424242424,3,32
425,2022-04-23,1,0.5699300699300699,4.714285714285714,27.52446414141414,3,37
425,2022-04-24,1,0.6462882096069869,4.571428571428571,32.45219114583333,6,35
425,2022-04-25,1,0.6964285714285714,5.285714285714286,33.45648198198198,2,39
425,2022-04-26,2,0.58984375,4.714285714285714,34.655173232323236,5,43
425,2022-04-27,2,0.6981132075471698,4.857142857142857,36.91540343137256,3,47
425,2022-04-28,2,0.5273972602739726,4.0,39.36140773809524,7,49
425,2022-04-29,2,0.6235632183908046,4.142857142857143,46.99852586206897,6,49
425,2022-04-30,2,0.52,4.571428571428571,52.03177604166667,8,49
425,2022-05-01,1,0.38046272493573263,5.285714285714286,45.16647927927928,4,53
443,2022-04-16,2,0.6978021978021978,3.7142857142857144,16.569226923076926,4,16
443,2022-04-18,2,0.5932203389830508,2.7142857142857144,17.785167543859654,6,10
443,2022-04-19,2,0.7027027027027027,3.0,13.010785714285717,2,8
443,2022-04-20,2,0.75,2.7142857142857144,18.43615263157895,1,7
443,2022-04-23,1,0.4027777777777778,1.8571428571428572,25.900014102564107,7,3
456,2022-04-15,1,0.8333333333333334,1.8571428571428572,12.159258974358975,2,18
456,2022-04-16,1,1.0,1.8571428571428572,12.027960256410255,1,20
456,2022-04-17,1,0.7142857142857143,1.7142857142857142,10.301372222222222,2,22
456,2022-04-18,1,0.8857142857142857,1.8571428571428572,9.508958974358974,3,19
456,2022-04-19,1,0.7014925373134329,2.142857142857143,9.311588888888888,3,20
456,2022-04-20,1,0.7380952380952381,2.0,13.866517857142858,4,19
456,2022-04-21,1,0.6842105263157895,2.4285714285714284,15.293131372549022,2,21
456,2022-04-22,1,0.782608695652174,2.4285714285714284,16.137210784313726,3,22
456,2022-04-24,1,0.8333333333333334,2.857142857142857,16.729738333333334,4,17
456,2022-04-26,2,0.6923076923076923,2.7142857142857144,13.893121929824565,4,16
456,2022-04-27,1,0.7777777777777778,2.857142857142857,14.183476666666667,3,14
456,2022-04-28,1,0.6976744186046512,2.7142857142857144,11.383828947368423,4,11
456,2022-04-29,1,0.7241379310344828,3.0,10.809861904761906,4,10
456,2022-04-30,1,0.5,3.142857142857143,12.580492424242424,1,13
456,2022-05-01,1,0.6153846153846154,2.857142857142857,10.436172500000001,1,16
458,2022-04-15,1,0.48091603053435117,5.571428571428571,19.381962393162393,4,41
458,2022-04-16,2,0.4390602055800294,5.571428571428571,20.344325213675212,5,45
458,2022-04-17,2,0.39861111111111114,5.571428571428571,25.57775641025641,9,42
458,2022-04-18,2,0.3114754098360656,6.0,28.58976626984127,6,42
458,2022-04-19,1,0.2564102564102564,5.857142857142857,25.941610162601624,5,41
458,2022-04-20,2,0.3620689655172414,5.714285714285714,24.020708333333328,6,40
458,2022-04-21,2,0.4605263157894737,5.857142857142857,22.141965040650405,4,41
458,2022-04-22,1,0.46551724137931033,5.571428571428571,23.204066239316237,6,39
458,2022-04-23,2,0.2316715542521994,5.857142857142857,23.52166951219512,9,37
458,2022-04-24,2,0.1942645698427382,6.428571428571429,20.943057037037036,6,37
458,2022-04-25,2,0.3007915567282322,6.0,22.153456746031747,6,38
458,2022-04-26,2,0.24570446735395188,6.0,23.366387698412698,4,38
458,2022-04-27,2,0.20123361603700848,5.857142857142857,27.62200772357723,5,37
458,2022-04-28,2,0.23720349563046192,5.714285714285714,35.31553375,5,38
458,2022-04-29,2,0.17320574162679425,5.857142857142857,38.83425569105691,4,38
458,2022-04-30,2,0.1408839779005525,5.571428571428571,46.392385897435894,7,33
458,2022-05-01,2,0.17904761904761904,5.285714285714286,47.683968918918914,6,32
459,2022-04-15,1,0.3103448275862069,8.142857142857142,12.176028947368422,9,53
459,2022-04-16,1,0.30952380952380953,8.428571428571429,11.332988700564972,10,52
459,2022-04-17,2,0.1951219512195122,8.428571428571429,10.619597175141243,7,51
459,2022-04-18,1,0.25,8.285714285714286,9.563760632183909,7,47
459,2022-04-19,1,0.41379310344827586,8.142857142857142,9.311016666666665,6,45
459,2022-04-20,1,0.275,7.571428571428571,9.796560691823899,8,42
459,2022-04-21,2,0.24324324324324326,7.857142857142857,9.193841515151515,9,38
459,2022-04-22,1,0.3076923076923077,8.0,8.775813095238096,6,35
459,2022-04-23,1,0.15151515151515152,7.571428571428571,10.275973899371069,9,32
459,2022-04-24,2,0.5357142857142857,7.428571428571429,10.069175641025643,6,30
459,2022-04-25,2,0.5,7.285714285714286,9.489427124183006,3,33
459,2022-04-26,1,0.17647058823529413,6.714285714285714,10.491335815602838,4,36
459,2022-04-27,1,0.4189189189189189,6.428571428571429,10.485023333333334,5,36
459,2022-04-28,2,0.32575757575757575,6.0,13.962106746031747,5,36
459,2022-04-30,1,0.38095238095238093,5.0,17.100816190476188,6,37
461,2022-04-15,1,0.6909090909090909,3.142857142857143,13.16383181818182,4,22
461,2022-04-16,1,0.5819672131147541,2.857142857142857,14.489020833333333,6,22
461,2022-04-17,1,0.5757575757575758,2.857142857142857,18.994295833333332,4,25
461,2022-04-18,2,0.68,3.2857142857142856,17.55859347826087,2,27
461,2022-04-19,1,0.47474747474747475,3.4285714285714284,17.335832638888892,4,31
461,2022-04-20,1,0.34615384615384615,3.857142857142857,15.692852469135802,2,33
461,2022-04-21,1,1.0,3.5714285714285716,13.608133333333335,1,39
461,2022-04-23,1,0.6329787234042553,3.142857142857143,16.89544393939394,6,41
461,2022-04-24,1,0.5246913580246914,3.142857142857143,13.725902272727273,7,44
461,2022-04-25,1,0.6,3.5714285714285716,17.076396666666664,4,47
461,2022-04-26,1,0.46938775510204084,3.857142857142857,16.2796524691358,8,45
461,2022-04-27,1,0.5057471264367817,4.428571428571429,15.744895161290323,4,45
461,2022-04-28,1,0.5256410256410257,4.714285714285714,16.809524747474747,7,43
461,2022-04-29,1,0.5714285714285714,5.571428571428571,13.868524358974359,4,43
461,2022-04-30,1,0.5189873417721519,5.714285714285714,14.500099166666667,7,41
461,2022-05-01,1,0.4517543859649123,5.857142857142857,13.233084146341465,10,37
464,2022-04-15,2,0.7034482758620689,5.285714285714286,34.036449549549545,3,37
464,2022-04-16,1,0.5700325732899023,5.285714285714286,35.234649549549545,4,42
464,2022-04-17,1,0.4942263279445728,5.571428571428571,36.69090598290599,6,44
464,2022-04-18,1,0.5417607223476298,5.142857142857143,40.79589629629629,5,46
464,2022-04-19,1,0.5191053122087604,4.714285714285714,43.832846464646465,5,47
464,2022-04-20,1,0.40956826137689617,4.571428571428571,48.99136979166666,8,45
464,2022-04-21,1,0.5038610038610039,5.0,44.38162619047619,5,49
464,2022-04-22,1,0.5405982905982906,5.142857142857143,52.09969027777778,4,50
464,2022-04-23,1,0.4323361823361823,5.285714285714286,50.68342567567568,9,47
464,2022-04-24,1,0.6348884381338742,6.0,45.41810634920635,8,44
464,2022-04-25,1,0.43892508143322473,6.285714285714286,45.12542310606061,7,43
464,2022-04-26,1,0.5573248407643312,6.571428571428571,48.04912572463768,6,44
464,2022-04-27,1,0.4714003944773176,6.714285714285714,47.52924007092199,6,43
464,2022-04-28,1,0.5157894736842106,6.428571428571429,52.375295555555546,9,42
464,2022-04-29,1,0.40059790732436473,7.0,43.33996768707483,5,43
464,2022-04-30,1,0.48903508771929827,7.142857142857143,48.30667566666666,6,43
464,2022-05-01,1,0.5263157894736842,6.714285714285714,49.415540425531916,5,46
480,2022-04-16,2,0.6571428571428571,1.1428571428571428,6.823716666666666,2,6
480,2022-04-17,2,0.0,1.2857142857142858,6.738305555555556,1,5
480,2022-04-20,1,0.8775510204081632,1.0,5.912916666666667,1,13
480,2022-04-30,1,0.6666666666666666,2.5714285714285716,18.815274074074072,2,27
480,2022-05-01,1,0.6571428571428571,2.857142857142857,16.933746666666664,6,22
493,2022-04-15,2,0.3076923076923077,5.0,9.03108238095238,8,40
493,2022-04-16,2,0.1875,5.571428571428571,8.292985470085469,8,40
493,2022-04-17,1,0.3157894736842105,6.142857142857143,6.556491472868218,3,43
493,2022-04-18,2,0.0,6.142857142857143,6.165459689922481,6,41
493,2022-04-21,1,0.38333333333333336,6.571428571428571,4.175229710144928,7,41
493,2022-04-22,2,0.6,6.285714285714286,5.433752272727273,4,44
493,2022-04-23,2,0.3389830508474576,5.714285714285714,5.33096625,8,45
493,2022-04-24,2,0.25,5.714285714285714,5.852415833333334,6,45
493,2022-04-25,1,0.4457831325301205,6.142857142857143,5.297086046511628,4,47
493,2022-04-26,2,0.22727272727272727,5.857142857142857,6.614810975609756,6,48
493,2022-04-27,2,0.5534351145038168,6.0,6.473923412698413,8,46
493,2022-04-28,1,0.125,6.142857142857143,11.34663062015504,5,44
493,2022-04-29,1,0.3220338983050847,5.857142857142857,10.548274390243902,7,42
493,2022-04-30,2,0.38461538461538464,6.285714285714286,12.18367424242424,9,35
493,2022-05-01,2,0.34328358208955223,6.428571428571429,12.924745925925926,6,32
496,2022-04-15,1,0.375,3.5714285714285716,13.268281333333334,4,29
496,2022-04-16,1,0.4230769230769231,3.7142857142857144,12.847414102564102,2,33
496,2022-04-17,1,0.391304347826087,3.5714285714285716,12.730084,6,32
496,2022-04-18,1,0.575,3.857142857142857,9.992237037037036,2,35
496,2022-04-19,2,0.47058823529411764,3.857142857142857,11.950767283950617,1,41
496,2022-04-20,1,0.2676470588235294,3.4285714285714284,12.96987986111111,5,39
496,2022-04-21,1,0.29906542056074764,3.7142857142857144,16.322034615384613,7,36
496,2022-04-22,1,0.36012861736334406,3.857142857142857,14.92751234567901,6,36
496,2022-04-23,1,0.2838283828382838,4.142857142857143,18.334181609195404,6,37
496,2022-04-24,1,0.26495726495726496,4.714285714285714,18.767316666666666,5,39
496,2022-04-25,2,0.20187793427230047,4.571428571428571,19.567303125000002,5,37
496,2022-04-26,1,0.4019607843137255,5.0,16.351228095238092,7,33
496,2022-04-27,1,0.27741935483870966,5.857142857142857,15.103617479674798,3,32
496,2022-04-28,1,0.6744186046511628,5.571428571428571,14.365320085470085,4,31
496,2022-04-29,1,0.375,5.142857142857143,13.592360648148148,6,30
496,2022-04-30,1,0.304635761589404,5.142857142857143,10.476755555555556,7,30
496,2022-05-01,1,0.49544072948328266,5.285714285714286,10.13183873873874,7,30
501,2022-04-15,2,0.3422222222222222,4.857142857142857,40.91068921568628,2,25
501,2022-04-19,2,0.4489795918367347,3.142857142857143,35.29521666666667,2,24
501,2022-04-21,2,0.5328947368421053,3.4285714285714284,29.403406250000003,3,20
501,2022-04-23,2,0.6307106598984772,3.5714285714285716,32.09344733333333,3,17
501,2022-04-25,2,0.6481481481481481,3.2857142857142856,49.84647101449276,2,25
501,2022-04-27,1,0.47619047619047616,3.4285714285714284,46.0985861111111,3,32
501,2022-04-28,1,0.4421768707482993,3.0,41.4551126984127,2,36
501,2022-04-29,1,0.5984251968503937,2.857142857142857,40.195139166666664,4,36
501,2022-04-30,1,0.48484848484848486,2.5714285714285716,37.04059444444445,2,37
501,2022-05-01,1,0.5953488372093023,2.4285714285714284,14.52888823529412,4,36
504,2022-04-15,2,0.7246376811594203,5.0,21.04060238095238,5,24
504,2022-04-16,2,0.6551724137931034,5.285714285714286,23.350773873873877,6,22
504,2022-04-17,2,0.7446808510638298,5.428571428571429,21.35220263157895,5,20
504,2022-04-18,2,0.8181818181818182,5.571428571428571,19.7545188034188,3,18
504,2022-04-20,2,0.8545454545454545,4.0,11.785658333333332,1,21
504,2022-04-21,1,0.6923076923076923,3.5714285714285716,15.722000666666668,5,18
504,2022-04-22,2,0.5285714285714286,3.5714285714285716,13.474012,4,17
504,2022-04-23,2,0.8333333333333334,3.4285714285714284,12.192634722222223,4,17
504,2022-04-24,2,0.8421052631578947,3.142857142857143,14.418408333333334,3,18
504,2022-04-25,2,0.75,2.857142857142857,13.297899166666664,1,23
504,2022-04-26,2,0.6818181818181818,2.5714285714285716,15.276589814814814,2,25
504,2022-04-27,2,0.6,2.857142857142857,17.087268333333334,2,29
504,2022-04-28,1,0.7647058823529411,3.0,12.159430952380953,2,30
504,2022-04-29,2,0.8333333333333334,2.5714285714285716,13.851853703703704,3,31
504,2022-04-30,1,0.61,2.4285714285714284,9.973443137254904,4,31
504,2022-05-01,1,0.75,2.4285714285714284,16.60880588235294,4,31
511,2022-04-15,1,0.41847826086956524,3.5714285714285716,21.483398,4,26
511,2022-04-16,1,0.5,3.4285714285714284,19.95783125,8,23
511,2022-04-17,1,0.5290102389078498,3.142857142857143,22.493476515151514,5,18
511,2022-04-18,2,1.0,3.2857142857142856,24.739520289855072,1,18
511,2022-04-20,2,0.3333333333333333,3.142857142857143,25.864043939393937,2,19
511,2022-04-21,2,0.5357142857142857,3.4285714285714284,23.78635347222222,5,17
511,2022-04-22,2,0.38618925831202044,3.5714285714285716,22.736384666666662,5,18
511,2022-04-23,1,0.5145413870246085,3.7142857142857144,23.841117307692308,5,22
511,2022-04-25,2,1.0,2.5714285714285716,23.995750925925925,1,32
511,2022-04-27,2,0.8571428571428571,2.5714285714285716,23.995750925925925,3,39
511,2022-04-28,2,0.5555555555555556,2.7142857142857144,22.634736842105262,3,36
511,2022-04-29,1,0.41333333333333333,2.4285714285714284,25.705703921568627,6,30
511,2022-04-30,1,0.453804347826087,2.5714285714285716,19.864104629629633,9,27
511,2022-05-01,1,0.4195121951219512,3.142857142857143,15.251472727272725,4,26
531,2022-04-16,1,0.125,3.7142857142857144,15.307412179487178,1,9
531,2022-04-17,2,0.3684210526315789,2.857142857142857,11.387377500000001,2,8
531,2022-04-18,1,0.5,3.0,12.2076873015873,2,14
531,2022-04-20,1,0.45161290322580644,2.2857142857142856,13.910831250000001,2,23
531,2022-04-23,1,0.0,1.2857142857142858,8.63232962962963,1,33
531,2022-04-24,1,0.0,1.2857142857142858,5.535040740740741,1,34
531,2022-05-01,1,0.84,4.714285714285714,9.202401515151516,2,11
541,2022-04-15,2,0.45901639344262296,6.285714285714286,54.25137916666666,6,57
541,2022-04-16,1,0.3438914027149321,6.142857142857143,57.19552558139535,8,57
541,2022-04-17,2,0.336734693877551,6.142857142857143,54.986680620155035,5,59
541,2022-04-18,2,0.44,6.428571428571429,52.62888703703704,10,57
541,2022-04-19,2,0.5670103092783505,6.571428571428571,48.987671014492754,8,58
541,2022-04-20,2,0.45,6.857142857142857,42.855259375,7,60
541,2022-04-21,2,0.4722222222222222,7.142857142857143,36.833031,10,56
541,2022-04-22,2,0.41648106904231624,7.714285714285714,29.69507438271605,9,55
541,2022-04-23,2,0.40836653386454186,8.142857142857142,27.22381286549707,8,52
541,2022-04-24,2,0.5272727272727272,8.142857142857142,31.65071929824562,7,51
541,2022-04-25,2,0.45454545454545453,8.428571428571429,31.46454096045198,8,46
541,2022-04-26,2,0.4351145038167939,8.142857142857142,33.93558304093567,9,44
541,2022-04-27,2,0.5687022900763359,8.285714285714286,36.94645,9,40
541,2022-04-28,2,0.421875,8.571428571428571,38.78785527777778,6,41
541,2022-04-29,2,0.40672782874617736,8.0,44.33419285714285,8,41
541,2022-04-30,2,0.5,7.857142857142857,42.53652454545454,5,43
541,2022-05-01,2,0.5886524822695035,7.428571428571429,39.8223467948718,6,49
542,2022-04-15,2,0.217753120665742,7.285714285714286,38.571552614379094,7,49
542,2022-04-16,1,0.3177004538577912,7.428571428571429,38.284936858974355,7,48
542,2022-04-17,1,0.32865168539325845,7.142857142857143,38.640006,6,45
542,2022-04-18,1,0.373469387755102,7.0,36.57904693877551,8,43
542,2022-04-19,1,0.36862244897959184,7.142857142857143,31.158227999999998,8,40
542,2022-04-20,2,0.2520231213872832,7.285714285714286,29.871906862745096,5,42
542,2022-04-21,1,0.2777129521586931,6.857142857142857,32.00613611111111,8,36
542,2022-04-22,1,0.22566371681415928,7.0,32.09884931972789,7,34
542,2022-04-23,1,0.3862433862433862,7.0,32.04820578231293,6,35
542,2022-04-24,1,0.40145985401459855,6.857142857142857,29.728280555555557,3,38
542,2022-04-25,2,0.32959326788218796,6.428571428571429,30.409764444444445,6,38
542,2022-04-26,1,0.3177083333333333,6.142857142857143,33.773312015503876,5,38
542,2022-04-27,2,0.4628297362110312,5.714285714285714,35.305276250000006,7,38
542,2022-04-28,1,0.2617801047120419,6.0,31.33529087301587,2,45
542,2022-04-29,1,0.2815884476534296,5.142857142857143,32.92949722222222,5,44
542,2022-04-30,2,0.2674516400336417,4.857142857142857,33.48351274509804,7,42
542,2022-05-01,2,0.33183183183183185,5.0,35.46783047619048,6,41
545,2022-04-15,2,0.5161290322580645,3.2857142857142856,42.53746449275362,2,26
545,2022-04-16,2,0.6,3.142857142857143,43.697680303030296,3,26
545,2022-04-17,2,0.5184049079754601,3.0,36.198773015873016,3,28
545,2022-04-18,2,0.425,3.0,38.99210873015873,2,28
545,2022-04-19,2,0.5714285714285714,2.857142857142857,36.24919833333333,3,27
545,2022-04-20,2,0.5083612040133779,2.7142857142857144,39.89164210526316,5,25
545,2022-04-21,2,0.5036764705882353,3.142857142857143,40.92439318181818,6,23
545,2022-04-22,2,0.49038461538461536,3.4285714285714284,39.94954583333333,4,22
545,2022-04-23,2,0.47297297297297297,3.7142857142857144,39.17269230769231,3,23
545,2022-04-24,2,0.49466192170818507,3.7142857142857144,43.61185256410256,5,20
545,2022-04-25,1,0.36036036036036034,4.0,39.58755595238095,2,21
545,2022-04-26,2,0.3712871287128713,4.0,37.45890952380952,2,23
545,2022-04-27,2,0.375,3.857142857142857,36.98527345679013,3,25
545,2022-04-28,1,0.49029126213592233,3.5714285714285716,32.34441333333333,4,25
545,2022-04-29,2,0.6833333333333333,3.2857142857142856,34.640647826086955,3,25
545,2022-04-30,2,0.4666666666666667,3.142857142857143,30.17664318181818,4,26
545,2022-05-01,2,0.4536082474226804,3.2857142857142856,30.552947101449277,2,27
557,2022-04-15,1,0.4676258992805755,2.142857142857143,35.90589,5,4
557,2022-04-16,1,0.5702479338842975,2.4285714285714284,32.2865637254902,3,2
557,2022-04-22,2,1.0,1.1428571428571428,16.549110416666664,1,14
557,2022-04-23,1,0.0,0.5714285714285714,13.9795,1,16
557,2022-04-24,1,0.5159574468085106,0.2857142857142857,0.0,3,17
557,2022-04-25,1,0.6101694915254238,0.7142857142857143,20.67972,2,17
557,2022-04-26,1,0.4025974025974026,1.0,18.79291428571429,1,17
557,2022-04-27,1,0.6532258064516129,1.1428571428571428,20.69761666666667,3,16
557,2022-04-28,1,0.6268656716417911,1.5714285714285714,19.969760606060607,1,15
557,2022-04-29,1,0.6785714285714286,1.7142857142857142,21.369902777777778,3,14
557,2022-04-30,1,0.3032258064516129,2.0,19.03474523809524,3,12
557,2022-05-01,1,0.52,2.2857142857142856,22.629059374999997,4,9
580,2022-04-16,2,0.2318840579710145,0.5714285714285714,57.62246666666667,6,4
580,2022-04-17,2,0.3252496433666191,1.4285714285714286,36.23025833333333,4,0
580,2022-04-30,1,0.35333333333333333,0.7142857142857143,19.237293333333334,6,27
580,2022-05-01,1,0.22682119205298013,1.5714285714285714,24.31615303030303,4,24
613,2022-04-21,2,0.1647196261682243,6.857142857142857,94.45860659722223,13,72
613,2022-04-22,2,0.1882640586797066,7.857142857142857,75.55746393939394,12,72
613,2022-04-23,2,0.1648793565683646,8.571428571428571,62.16899111111112,10,72
613,2022-04-24,2,0.24054054054054055,9.285714285714286,48.9658041025641,9,71
613,2022-04-25,2,0.15579710144927536,9.714285714285714,39.93897794117647,11,64
613,2022-04-26,2,0.13307240704500978,10.428571428571429,32.73920365296804,11,62
613,2022-04-27,2,0.1301806588735388,10.428571428571429,27.28945547945205,11,60
613,2022-04-28,2,0.11324257425742575,11.0,22.178467532467533,8,61
613,2022-04-29,2,0.12381703470031545,10.285714285714286,26.820420601851858,12,52
613,2022-04-30,1,0.13306451612903225,10.285714285714286,27.856299305555556,10,49
613,2022-05-01,1,0.19979402677651906,10.285714285714286,31.320481481481483,8,47
614,2022-04-15,1,0.13636363636363635,6.571428571428571,21.56139130434783,2,41
614,2022-04-16,1,0.2226148409893993,6.0,21.550734523809528,4,48
614,2022-04-17,1,0.1444906444906445,6.285714285714286,20.633224999999996,7,43
614,2022-04-18,1,0.17204301075268819,6.142857142857143,24.43411279069767,4,46
614,2022-04-19,1,0.13445378151260504,5.571428571428571,25.251924786324782,7,44
614,2022-04-20,2,0.0,5.571428571428571,26.201582478632474,1,52
614,2022-04-21,1,0.1543134872417983,4.571428571428571,30.558239062499993,11,44
614,2022-04-22,1,0.09304871373836891,5.142857142857143,30.77134351851852,7,45
614,2022-04-23,1,0.09692451071761417,5.857142857142857,39.73730894308943,11,39
614,2022-04-24,1,0.17006802721088435,6.857142857142857,36.61518368055555,2,46
614,2022-04-25,1,0.08932584269662922,6.142857142857143,34.19470155038759,7,46
614,2022-04-26,1,0.1105318039624609,6.571428571428571,36.946976086956525,5,50
614,2022-04-27,1,0.17201166180758018,6.285714285714286,39.45207083333334,9,43
614,2022-04-28,1,0.35833333333333334,7.428571428571429,39.20804583333333,3,47
614,2022-04-29,1,0.18848167539267016,6.285714285714286,40.6670875,8,46
614,2022-04-30,1,0.22650602409638554,6.428571428571429,37.132002962962964,5,49
614,2022-05-01,1,0.10377358490566038,5.571428571428571,41.50776581196581,9,47
636,2022-04-15,1,0.55,5.142857142857143,26.629145833333332,4,24
636,2022-04-16,1,0.5652173913043478,5.285714285714286,26.861487837837835,10,21
636,2022-04-17,1,0.3728813559322034,5.285714285714286,28.044633333333337,3,21
636,2022-04-18,1,0.6176470588235294,4.0,29.225521428571426,1,25
636,2022-04-19,1,0.5454545454545454,3.857142857142857,29.349262345679016,3,26
636,2022-04-20,1,0.6374269005847953,3.857142857142857,25.730095679012347,3,27
636,2022-04-21,1,0.3333333333333333,4.0,28.757180357142857,2,29
636,2022-04-22,1,0.7352941176470589,3.7142857142857144,28.456226282051286,2,30
636,2022-04-23,1,0.645,3.4285714285714284,27.89662916666667,7,33
636,2022-04-24,2,0.375,3.0,37.302103174603175,3,39
636,2022-04-25,2,0.42105263157894735,3.0,36.21320714285715,5,41
636,2022-04-26,2,0.5217391304347826,3.5714285714285716,24.48711866666667,4,49
636,2022-04-27,2,0.27906976744186046,3.7142857142857144,28.31343397435898,4,53
636,2022-04-28,2,0.504424778761062,3.857142857142857,22.308598765432095,4,49
636,2022-04-29,2,0.7142857142857143,4.142857142857143,24.61460402298851,3,47
636,2022-04-30,2,0.5590062111801242,4.285714285714286,26.863697222222225,10,38
636,2022-05-01,2,0.6143497757847534,4.714285714285714,18.804040404040403,9,36
658,2022-04-15,2,0.41854636591478694,6.714285714285714,46.90694290780142,6,56
658,2022-04-16,1,0.4061433447098976,6.714285714285714,43.283160638297865,7,55
658,2022-04-17,2,0.5252225519287834,6.285714285714286,40.526748863636364,9,51
658,2022-04-18,2,0.4619164619164619,6.571428571428571,33.182574637681164,7,51
658,2022-04-19,2,0.7027777777777777,6.0,34.69551746031746,9,49
658,2022-04-20,1,0.627906976744186,6.857142857142857,35.28611631944444,12,43
658,2022-04-21,1,0.6756756756756757,8.0,30.945320833333337,8,40
658,2022-04-22,1,0.6766917293233082,8.285714285714286,31.242042241379302,4,41
658,2022-04-23,2,0.6270627062706271,8.0,33.52834702380952,6,43
658,2022-04-24,1,0.5043478260869565,7.857142857142857,34.88857696969696,5,44
658,2022-04-25,2,0.5236641221374045,7.285714285714286,36.855767647058826,7,43
658,2022-04-26,2,0.4979919678714859,7.285714285714286,40.92605915032681,7,46
658,2022-04-27,2,0.5813953488372093,7.0,43.48184455782312,6,46
658,2022-04-28,2,0.4602739726027397,6.142857142857143,47.7049023255814,5,46
658,2022-04-29,2,0.47194719471947194,5.714285714285714,56.36700541666668,5,46
658,2022-04-30,1,0.5543175487465181,5.857142857142857,55.7793406504065,8,43
658,2022-05-01,2,0.5267379679144385,6.142857142857143,51.05805116279071,6,43
663,2022-04-15,1,0.7125,0.8571428571428571,27.205041666666663,2,7
663,2022-04-19,2,0.0,1.4285714285714286,30.145283333333328,2,4
663,2022-04-30,1,0.6554621848739496,0.5714285714285714,15.961429166666667,3,11
663,2022-05-01,1,0.5873015873015873,0.42857142857142855,46.79513333333333,1,10
690,2022-04-15,2,0.21637426900584794,2.857142857142857,15.47324,4,21
690,2022-04-16,2,0.15976331360946747,3.142857142857143,15.622109090909094,4,18
690,2022-04-17,2,0.18110236220472442,3.142857142857143,16.941972727272727,3,15
690,2022-04-18,2,0.17484662576687116,3.2857142857142856,14.042283333333335,4,11
690,2022-04-19,2,0.45161290322580644,3.142857142857143,16.150033333333337,1,10
690,2022-04-20,2,0.1566265060240964,2.7142857142857144,17.870494736842108,2,8
690,2022-04-21,2,0.21212121212121213,2.857142857142857,17.220785833333334,5,3
690,2022-04-22,2,0.13756613756613756,3.2857142857142856,14.698333333333334,2,1
690,2022-04-23,2,0.06504065040650407,3.0,16.90041746031746,1,3
690,2022-04-30,1,0.14619883040935672,0.14285714285714285,16.346216666666667,3,30
690,2022-05-01,1,0.15968586387434555,0.42857142857142855,30.082077777777773,6,27
711,2022-04-15,1,0.6666666666666666,0.14285714285714285,0.0,3,8
711,2022-04-16,1,0.7729083665338645,0.5714285714285714,13.260504166666667,5,4
711,2022-04-17,2,0.2876712328767123,1.2857142857142858,56.406666666666666,3,1
711,2022-04-23,2,0.0625,1.1428571428571428,59.057375,1,9
711,2022-04-26,1,0.0,0.14285714285714285,7.443933333333334,1,24
711,2022-04-29,1,0.4794520547945205,0.2857142857142857,3.721966666666667,1,23
711,2022-04-30,1,0.6678141135972461,0.42857142857142855,23.013155555555556,7,16
711,2022-05-01,1,0.6802325581395349,1.2857142857142858,50.58485370370371,5,15
727,2022-04-15,1,0.13105413105413105,4.285714285714286,29.591515,2,32
727,2022-04-16,1,0.1337099811676083,3.857142857142857,25.076803086419755,4,33
727,2022-04-17,1,0.10686015831134564,3.857142857142857,27.26807654320988,7,29
727,2022-04-18,1,0.16353887399463807,4.428571428571429,26.258784946236563,5,26
727,2022-04-19,2,0.14795918367346939,4.285714285714286,22.679156111111112,4,31
727,2022-04-20,1,0.12790697674418605,3.857142857142857,21.785767901234568,3,39
727,2022-04-21,1,0.07859078590785908,4.0,22.036514880952378,6,36
727,2022-04-23,1,0.10466760961810467,4.571428571428571,21.545779687499998,5,41
727,2022-04-24,1,0.22349570200573066,4.714285714285714,21.531664646464645,3,41
727,2022-04-25,1,0.15030674846625766,4.142857142857143,20.160084482758624,2,43
727,2022-04-26,1,0.10445468509984639,3.7142857142857144,23.11400064102564,9,43
727,2022-04-27,1,0.08791208791208792,4.428571428571429,22.372541935483873,11,40
727,2022-04-29,1,0.08734602463605823,5.142857142857143,17.986133796296297,7,42
727,2022-04-30,1,0.1320754716981132,5.714285714285714,19.768739999999998,6,42
727,2022-05-01,1,0.10970464135021098,5.857142857142857,16.855927235772356,3,45
731,2022-04-15,1,0.5549828178694158,3.7142857142857144,49.966328205128214,4,38
731,2022-04-16,1,0.5425531914893617,4.0,57.632754166666665,6,37
731,2022-04-17,2,0.6069651741293532,4.571428571428571,55.53903229166667,7,35
731,2022-04-18,2,0.5915966386554622,5.0,48.89329523809524,6,36
731,2022-04-19,2,0.5606557377049181,4.857142857142857,51.20369607843138,3,36
731,2022-04-20,2,0.5916230366492147,5.0,51.843003809523815,5,34
731,2022-04-21,2,0.632,5.285714285714286,44.81033108108108,7,32
731,2022-04-22,2,0.5614035087719298,5.428571428571429,36.71442149122807,4,33
731,2022-04-23,2,0.4666666666666667,5.428571428571429,29.991022807017544,5,34
731,2022-04-24,2,0.69,5.285714285714286,27.27878828828829,5,32
731,2022-04-25,2,0.4537914691943128,5.0,28.629207142857144,7,27
731,2022-04-26,2,0.6415094339622641,5.142857142857143,27.506656018518516,3,25
731,2022-04-27,1,0.5865384615384616,5.142857142857143,22.962420370370367,3,25
731,2022-04-28,1,0.5231481481481481,4.857142857142857,23.247651960784314,5,22
731,2022-04-29,1,0.6625386996904025,4.571428571428571,26.0416984375,5,21
731,2022-04-30,2,0.5862944162436549,4.714285714285714,26.394030303030306,6,19
731,2022-05-01,2,0.6180555555555556,4.857142857142857,29.10103676470588,3,19
747,2022-04-15,1,0.5688622754491018,7.0,42.67474591836735,7,30
747,2022-04-16,1,0.5654952076677316,6.714285714285714,43.24859007092198,7,31
747,2022-04-17,2,0.38073394495412843,6.857142857142857,38.91819097222221,5,30
747,2022-04-18,1,0.39954853273137697,6.571428571428571,39.49966268115942,8,25
747,2022-04-19,1,0.6304347826086957,6.714285714285714,36.17967553191489,2,24
747,2022-04-20,1,0.6090225563909775,6.142857142857143,36.09324108527132,3,24
747,2022-04-21,1,0.5172413793103449,5.571428571428571,37.81299316239316,1,26
747,2022-04-22,1,0.4774774774774775,4.714285714285714,34.071031313131314,4,27
747,2022-04-23,1,0.4699248120300752,4.285714285714286,33.054793333333336,8,27
747,2022-04-24,1,0.47577092511013214,4.428571428571429,37.87694139784947,4,28
747,2022-04-25,1,0.5432098765432098,4.285714285714286,39.86714222222223,3,33
747,2022-04-26,1,0.4528301886792453,3.5714285714285716,42.66486866666667,1,37
747,2022-04-27,1,0.6153846153846154,3.4285714285714284,42.16522777777778,3,43
747,2022-04-28,1,0.43373493975903615,3.4285714285714284,39.99039097222222,3,46
747,2022-04-29,1,0.48623853211009177,3.7142857142857144,38.90714038461538,5,43
747,2022-04-30,1,0.5038560411311054,3.857142857142857,36.146561728395056,8,38
747,2022-05-01,1,0.5446685878962536,3.857142857142857,31.222276543209873,5,38
761,2022-04-15,2,0.3178743961352657,3.5714285714285716,81.539868,3,12
761,2022-04-16,2,0.31850789096126253,3.857142857142857,79.87300987654322,3,15
761,2022-04-17,2,0.27151515151515154,3.142857142857143,116.50573484848486,5,11
761,2022-04-20,2,0.2,2.2857142857142856,153.40756875,1,11
761,2022-04-21,2,0.281437125748503,2.0,155.9981392857143,1,10
761,2022-04-22,1,0.236,1.8571428571428572,170.69223846153847,2,9
761,2022-04-23,2,0.29891304347826086,1.7142857142857142,150.46879166666665,6,7
761,2022-04-24,1,0.4610169491525424,2.142857142857143,76.29868666666667,1,12
761,2022-04-29,1,0.36958934517203107,1.4285714285714286,51.48746,1,22
761,2022-04-30,1,0.3130434782608696,1.2857142857142858,95.42354074074075,4,21
761,2022-05-01,1,0.28592162554426703,1.0,130.07610952380952,6,22
798,2022-04-15,2,0.5067114093959731,7.285714285714286,43.62260359477124,9,42
798,2022-04-16,1,0.28515625,7.0,45.73772380952381,6,43
798,2022-04-17,2,0.5179282868525896,7.0,42.04479421768707,8,41
798,2022-04-18,2,0.4537313432835821,7.0,38.95039863945578,3,43
798,2022-04-19,1,0.3854748603351955,6.428571428571429,35.80337703703704,5,44
798,2022-04-20,1,0.39335664335664333,6.285714285714286,27.614710227272727,7,42
798,2022-04-21,1,0.27848101265822783,6.285714285714286,27.96486893939394,7,40
798,2022-04-22,1,0.294238683127572,6.428571428571429,23.81770703703703,6,40
798,2022-04-23,2,0.47808764940239046,6.0,24.32703492063492,7,40
798,2022-04-24,2,0.5568862275449101,6.142857142857143,22.75097945736434,6,40
798,2022-04-25,1,0.4686192468619247,5.857142857142857,22.264982520325205,5,44
798,2022-04-26,2,0.3850267379679144,6.142857142857143,21.723747286821705,6,48
798,2022-04-27,1,0.30601092896174864,6.285714285714286,22.15623712121212,5,48
798,2022-04-28,1,0.42379182156133827,6.0,22.47612619047619,5,49
798,2022-04-29,1,0.3877551020408163,5.714285714285714,24.149023333333332,6,52
798,2022-04-30,1,0.4144486692015209,5.714285714285714,26.536352500000003,7,51
798,2022-05-01,1,0.40483383685800606,5.714285714285714,34.32398666666667,6,52
799,2022-04-15,2,0.06,0.7142857142857143,16.902303333333336,1,6
799,2022-04-16,2,0.07990867579908675,0.7142857142857143,16.141373333333334,3,5
799,2022-04-17,2,0.2425,0.7142857142857143,32.730156666666666,2,3
799,2022-04-22,2,0.09981167608286252,0.8571428571428571,36.95831111111111,1,10
799,2022-04-23,2,0.22546419098143236,0.8571428571428571,45.961825,2,10
799,2022-04-26,2,0.128,0.42857142857142855,38.600072222222224,3,16
799,2022-04-27,2,0.30456852791878175,0.8571428571428571,23.82505555555556,2,18
799,2022-04-28,2,0.3310344827586207,1.1428571428571428,26.948664583333336,2,16
799,2022-04-29,2,0.25595238095238093,1.4285714285714286,23.807421666666666,1,15
799,2022-04-30,2,0.24742268041237114,1.4285714285714286,22.78859166666667,2,16
799,2022-05-01,1,0.16393442622950818,1.4285714285714286,25.35908833333334,3,17
808,2022-04-15,1,0.1956043956043956,4.0,25.122119642857143,4,30
808,2022-04-16,1,0.26936026936026936,3.857142857142857,28.544594444444442,7,33
808,2022-04-17,2,0.33858267716535434,4.0,26.060657738095237,5,30
808,2022-04-18,1,0.22822822822822822,4.0,30.224923214285713,4,31
808,2022-04-19,1,0.20958083832335328,4.142857142857143,28.74331436781609,3,30
808,2022-04-20,1,0.2011173184357542,4.0,30.313802976190477,4,29
808,2022-04-21,1,0.138801261829653,4.142857142857143,29.604553448275862,4,30
808,2022-04-22,1,0.16431095406360424,4.428571428571429,25.829827419354842,3,30
808,2022-04-23,1,0.16233766233766234,4.285714285714286,25.194426111111117,10,25
808,2022-04-24,1,0.19230769230769232,4.714285714285714,23.96219191919192,2,30
808,2022-04-25,1,0.26732673267326734,4.285714285714286,21.769859444444442,5,32
808,2022-04-26,2,0.18518518518518517,4.428571428571429,18.783984946236565,2,36
808,2022-04-27,1,0.40336134453781514,4.285714285714286,18.06652,3,40
808,2022-04-28,1,0.23076923076923078,4.142857142857143,18.973668390804594,5,44
808,2022-04-29,1,0.23545706371191136,4.285714285714286,17.880288333333333,3,48
808,2022-04-30,1,0.2920353982300885,4.285714285714286,18.837033333333334,5,49
808,2022-05-01,1,0.2468354430379747,3.5714285714285716,21.55287333333333,7,46
825,2022-04-15,1,0.6266666666666667,3.0,25.534668253968253,4,21
825,2022-04-16,1,0.5169971671388102,3.142857142857143,19.526982575757575,4,24
825,2022-04-17,1,0.4750733137829912,3.2857142857142856,30.17956231884058,4,24
825,2022-04-18,1,0.6792452830188679,3.0,30.388246031746036,3,25
825,2022-04-19,1,0.519774011299435,3.2857142857142856,28.55798043478261,3,27
825,2022-04-20,2,0.5238095238095238,3.4285714285714284,28.884470833333335,2,27
825,2022-04-21,1,0.5989583333333334,3.4285714285714284,28.787905555555557,2,26
825,2022-04-22,1,0.34285714285714286,3.142857142857143,33.2214303030303,3,27
825,2022-04-23,1,0.488031914893617,3.0,36.787530158730156,7,22
825,2022-04-24,1,0.6785714285714286,3.4285714285714284,30.62555277777778,4,27
825,2022-04-25,1,0.575,3.4285714285714284,23.908954166666664,4,28
825,2022-04-26,1,0.5089430894308943,3.5714285714285716,23.081117999999996,5,26
825,2022-04-27,1,0.7363636363636363,3.857142857142857,26.697420987654322,2,26
825,2022-04-28,1,0.6,3.857142857142857,29.230159876543212,1,26
825,2022-04-29,1,0.5340501792114696,3.7142857142857144,27.27878974358974,4,26
825,2022-04-30,1,0.6277372262773723,3.857142857142857,30.13011234567901,2,26
825,2022-05-01,1,0.46547314578005117,3.142857142857143,26.64501212121212,9,21
836,2022-04-15,2,0.16025641025641027,5.857142857142857,43.55810487804878,3,32
836,2022-04-16,2,0.6561181434599156,5.142857142857143,43.08363101851852,8,29
836,2022-04-17,2,0.47685185185185186,5.428571428571429,36.76616578947369,4,31
836,2022-04-18,2,0.7022222222222222,5.0,41.37840095238095,7,30
836,2022-04-19,2,0.5945945945945946,5.285714285714286,38.004317567567576,1,38
836,2022-04-20,2,0.11075747931253978,4.857142857142857,39.5882274509804,5,37
836,2022-04-21,2,0.32857142857142857,5.0,42.479611428571424,3,38
836,2022-04-22,2,0.15794871794871795,4.428571428571429,42.622898387096775,4,37
836,2022-04-23,2,0.7727272727272727,4.571428571428571,48.29866197916667,5,39
836,2022-04-24,2,0.39330543933054396,4.142857142857143,46.19413908045977,6,41
836,2022-04-25,2,0.22514619883040934,4.428571428571429,39.17900376344087,6,39
836,2022-04-26,2,0.6688741721854304,4.285714285714286,36.29016111111111,9,35
836,2022-04-27,2,0.3055555555555556,5.428571428571429,33.11791798245614,4,37
836,2022-04-28,1,0.26666666666666666,5.285714285714286,27.486317567567564,4,40
836,2022-04-30,1,0.19157088122605365,5.285714285714286,26.498204504504503,7,49
836,2022-05-01,2,0.3856,5.571428571428571,27.230859401709402,8,48
879,2022-04-15,1,0.06802168021680217,9.142857142857142,45.41922526041666,8,60
879,2022-04-16,2,0.07047075606276748,8.857142857142858,50.69804059139785,11,55
879,2022-04-17,1,0.05528592530069635,9.142857142857142,49.461210156250004,10,53
879,2022-04-18,2,0.06516464471403813,9.428571428571429,50.77820530303031,9,53
879,2022-04-19,2,0.05318054943440576,9.142857142857142,52.450838802083325,5,56
879,2022-04-20,1,0.06255178127589064,8.428571428571429,62.02557090395481,6,60
879,2022-04-21,2,0.06775442477876106,8.285714285714286,60.29000373563218,9,59
879,2022-04-22,2,0.04937554458321231,8.285714285714286,58.86625919540231,10,57
879,2022-04-23,2,0.055728625822083766,8.571428571428571,54.37161444444444,6,57
879,2022-04-24,2,0.0540368722186904,7.857142857142857,61.45854818181818,8,55
879,2022-04-25,1,0.027991082486995295,7.571428571428571,61.5486393081761,9,55
879,2022-04-26,1,0.06733425414364641,7.571428571428571,59.58109528301887,8,56
879,2022-04-27,2,0.030355972919851495,8.0,51.26807440476191,10,52
879,2022-04-28,1,0.027504105090311988,8.571428571428571,47.969682222222225,8,56
879,2022-04-29,1,0.022222222222222223,8.428571428571429,48.233391807909605,8,56
879,2022-04-30,1,0.04817936078867865,8.142857142857142,49.36462397660819,6,58
879,2022-05-01,2,0.044829842931937175,8.142857142857142,50.43728801169591,6,60
895,2022-04-16,2,0.20422535211267606,7.714285714285714,32.55886759259259,7,24
895,2022-04-17,1,0.10116731517509728,7.285714285714286,31.927543790849676,7,20
895,2022-04-18,1,0.0,7.428571428571429,29.49370032051282,3,20
895,2022-04-19,2,0.10869565217391304,6.428571428571429,26.16858222222222,3,20
895,2022-04-23,1,0.15460526315789475,4.0,16.773772023809524,3,18
895,2022-04-24,1,0.16595744680851063,3.4285714285714284,21.28240486111111,3,23
895,2022-04-25,1,0.12345679012345678,2.857142857142857,30.827699166666672,3,23
895,2022-04-26,1,0.2222222222222222,2.857142857142857,32.28154,3,31
895,2022-04-28,1,0.17857142857142858,2.5714285714285716,50.703463888888884,2,39
895,2022-04-29,1,0.1693548387096774,2.4285714285714284,45.77320490196078,4,41
895,2022-04-30,1,0.6666666666666666,2.857142857142857,40.63363,1,48
909,2022-04-15,1,0.09031710079275199,7.571428571428571,60.933665408805034,7,56
909,2022-04-16,1,0.05345060893098782,7.285714285714286,65.3444117647059,7,60
909,2022-04-17,1,0.0636545737814378,7.0,65.60225204081634,8,60
909,2022-04-18,1,0.07851335656213705,7.142857142857143,69.20178033333333,7,60
909,2022-04-19,2,0.10926640926640926,7.285714285714286,74.19602843137255,9,61
909,2022-04-20,1,0.08082975679542204,7.428571428571429,73.79498173076924,8,59
909,2022-04-21,1,0.06451612903225806,7.571428571428571,71.06579528301887,10,55
909,2022-04-22,1,0.09685039370078741,8.0,59.71303184523809,7,57
909,2022-04-23,1,0.07058476077968104,8.0,54.1578574404762,11,54
909,2022-04-24,1,0.17220279720279721,8.571428571428571,50.506412499999996,8,53
909,2022-04-25,1,0.07848718991459944,8.571428571428571,45.360301944444444,7,55
909,2022-04-26,1,0.07709251101321586,8.571428571428571,39.301966388888886,10,52
909,2022-04-27,1,0.09642372114078769,8.714285714285714,36.287375409836066,6,57
909,2022-04-28,1,0.0912863070539419,8.428571428571429,37.88067796610169,6,59
909,2022-04-29,1,0.09859154929577464,7.857142857142857,40.8343903030303,9,59
909,2022-04-30,1,0.060525314046440806,8.142857142857142,46.75148245614035,8,57
909,2022-05-01,1,0.057803468208092484,7.714285714285714,47.54254197530864,7,60
910,2022-04-15,1,0.13636363636363635,1.4285714285714286,19.92063166666667,3,7
910,2022-04-22,2,0.2857142857142857,1.2857142857142858,31.343461111111107,1,7
910,2022-04-23,2,0.1659919028340081,1.0,22.143292857142853,6,5
910,2022-04-29,1,1.0,1.0,15.655811904761906,1,22
910,2022-05-01,1,0.0871559633027523,0.7142857142857143,17.37328,5,18
934,2022-04-15,1,0.5278969957081545,6.428571428571429,29.060255555555553,7,50
934,2022-04-16,1,0.5962962962962963,6.285714285714286,27.91028295454545,5,50
934,2022-04-17,1,0.437609841827768,5.714285714285714,31.36961625,8,49
934,2022-04-18,2,0.5654761904761905,6.285714285714286,30.561624621212125,8,48
934,2022-04-19,2,0.6058823529411764,6.571428571428571,31.45632137681159,7,47
934,2022-04-20,2,0.4489795918367347,6.571428571428571,27.62909311594203,7,48
934,2022-04-21,1,0.5416666666666666,6.571428571428571,26.201286594202898,8,51
934,2022-04-22,1,0.40669856459330145,7.142857142857143,25.79378233333334,7,51
934,2022-04-23,1,0.42507645259938837,7.142857142857143,29.284608000000002,5,48
934,2022-04-24,1,0.42487046632124353,7.142857142857143,28.026750333333336,7,48
934,2022-04-25,2,0.5504587155963303,7.0,30.600184013605443,7,46
934,2022-04-26,1,0.479108635097493,6.857142857142857,29.289890972222224,6,46
934,2022-04-27,1,0.564748201438849,6.714285714285714,34.290396099290774,8,48
934,2022-04-28,2,0.6039215686274509,6.857142857142857,36.870420486111115,11,47
934,2022-04-29,2,0.4639175257731959,7.285714285714286,37.493706535947716,7,46
934,2022-04-30,1,0.41336633663366334,7.285714285714286,34.7621,2,50
934,2022-05-01,1,0.3202511773940345,6.857142857142857,38.70741527777778,7,52
938,2022-04-15,2,0.13233724653148346,4.714285714285714,22.27079696969697,5,44
938,2022-04-18,1,0.10526315789473684,5.142857142857143,20.127590277777777,4,46
938,2022-04-22,1,0.2597402597402597,6.142857142857143,20.778615503875972,6,45
938,2022-04-23,1,0.44223107569721115,6.285714285714286,16.686990151515154,10,44
938,2022-04-24,1,0.22093023255813954,6.428571428571429,15.336161111111114,6,46
938,2022-04-25,1,0.23118279569892472,6.571428571428571,17.02576014492754,4,47
938,2022-04-27,1,0.17374517374517376,6.428571428571429,24.059791851851852,5,51
938,2022-04-28,1,0.10135674381484437,6.428571428571429,26.173122962962964,7,49
938,2022-05-01,2,0.19680851063829788,6.285714285714286,31.683206439393942,8,43
944,2022-04-15,2,0.2475,6.285714285714286,36.67330227272728,5,41
944,2022-04-16,2,0.2832116788321168,6.142857142857143,42.90790348837209,4,44
944,2022-04-17,1,0.43958868894601544,6.0,51.47456984126984,7,45
944,2022-04-18,2,0.27398311588641594,6.428571428571429,49.89117666666667,5,45
944,2022-04-19,2,0.1905717151454363,6.0,57.55960317460318,6,45
944,2022-04-20,1,0.23570595099183198,6.285714285714286,56.11804696969698,6,47
944,2022-04-21,2,0.17984189723320157,6.285714285714286,56.240943939393944,5,46
944,2022-04-22,2,0.21963562753036436,5.428571428571429,72.33516271929825,8,48
944,2022-04-23,2,0.21864951768488747,5.857142857142857,62.86220203252032,7,42
944,2022-04-24,2,0.18742442563482467,6.285714285714286,51.6152696969697,8,42
944,2022-04-25,2,0.25510204081632654,6.428571428571429,48.82923111111112,5,44
944,2022-04-26,2,0.2857142857142857,6.428571428571429,42.34706555555556,6,44
944,2022-04-27,2,0.2677165354330709,6.428571428571429,38.97048814814815,8,42
944,2022-04-28,2,0.3435114503816794,6.714285714285714,32.62918936170213,4,46
944,2022-04-29,2,0.2724014336917563,6.571428571428571,25.184461594202904,10,47
944,2022-04-30,2,0.2565789473684211,6.857142857142857,21.37489826388889,1,54
944,2022-05-01,2,0.3364485981308411,6.0,22.93846984126984,8,51
989,2022-04-15,2,0.4182692307692308,7.0,31.356619727891164,6,25
989,2022-04-16,2,0.5277777777777778,6.857142857142857,28.671484027777776,5,28
989,2022-04-17,2,0.5567010309278351,6.571428571428571,29.487475362318843,6,25
989,2022-04-18,2,0.4714285714285714,6.428571428571429,28.180343703703702,2,27
989,2022-04-19,2,0.5795454545454546,5.714285714285714,26.312672916666667,3,30
989,2022-04-20,2,0.5984848484848485,5.428571428571429,26.4193399122807,3,30
989,2022-04-21,2,0.4067796610169492,4.571428571428571,28.638814062499996,3,29
989,2022-04-22,2,0.6101694915254238,4.0,36.213120833333335,3,30
989,2022-04-23,2,0.46938775510204084,3.5714285714285716,39.388118666666664,8,34
989,2022-04-24,2,0.5670731707317073,4.0,35.69607023809524,3,34
989,2022-04-25,2,0.592814371257485,3.5714285714285716,36.13581133333333,4,37
989,2022-04-27,1,0.5733788395904437,4.285714285714286,31.706871666666668,3,42
989,2022-04-28,1,0.38345864661654133,4.285714285714286,34.28749555555556,2,44
989,2022-04-29,1,0.35542168674698793,4.142857142857143,32.88986494252874,4,44
989,2022-04-30,1,0.3916913946587537,4.285714285714286,31.806657777777776,12,36
989,2022-05-01,1,0.43333333333333335,4.857142857142857,29.759251470588232,3,39
991,2022-04-15,1,0.0,3.142857142857143,31.423665909090914,1,6
991,2022-04-26,1,0.07749627421758569,1.7142857142857142,9.488223611111112,5,35
991,2022-04-28,2,0.05795574288724974,3.4285714285714284,17.242890972222224,8,26
991,2022-04-30,1,0.1440588853838065,3.7142857142857144,20.477108333333334,6,21
991,2022-05-01,1,0.0625,4.142857142857143,28.853864367816094,2,24
