experience_id,category,quality_score,popularity_score,novelty_score,difficulty,avg_session_minutes,experience_name
1000,Action,0.9096695293967186,0.6516437731703687,0.6290364009047581,0.24075307121426948,49,Experience 1000
1001,Sports,0.6452560499996463,0.8044840559110404,0.5776422262968883,0.36081056141751533,41,Experience 1001
1002,Social,0.5654662227449457,0.14197810439529845,0.48765127753797033,0.1763555764178013,30,Experience 1002
1003,Puzzle,0.7658593377467232,0.3759100169419204,0.07731642536612754,0.4674845394285718,49,Experience 1003
1004,Puzzle,0.809305382335664,0.5027055170834634,0.7716046143560276,0.39206002241544324,16,Experience 1004
1005,Sports,0.725440926488475,0.5102685875213342,0.24599035445013887,0.2409271164143122,19,Experience 1005
1006,Action,0.8770181756508404,0.5275353377269014,0.8047332447846338,0.7517807092307816,28,Experience 1006
1007,Social,0.6113602755027672,0.36932556202003275,0.760432490906593,0.3138467721116466,56,Experience 1007
1008,Adventure,0.8415828324170402,0.3364498304651394,0.599089106012921,0.2728043301458357,40,Experience 1008
1009,Action,0.7987178764315418,0.3460501829476273,0.22383146847560847,0.13089033085049506,53,Experience 1009
1010,Simulation,0.8201589080775701,0.1741976609077686,0.19274293108080828,0.4388217018019487,21,Experience 1010
1011,Strategy,0.8438936347604792,0.3089791482471649,0.5527453913687409,0.302964628837302,52,Experience 1011
1012,Social,0.4912469181469279,0.45047060761816893,0.5423234103127773,0.3692728413409686,11,Experience 1012
1013,Sports,0.8486275995976889,0.743877614526904,0.12748270386212615,0.23599726262055265,20,Experience 1013
1014,Social,0.7084360738896248,0.6919622480914536,0.5066406143622445,0.7631554898199004,35,Experience 1014
1015,Sports,0.9316862802198295,0.7502302540767141,0.15634476053501745,0.9300033473547173,10,Experience 1015
1016,Simulation,0.6327408434291123,0.2893552650923534,0.33719820568613207,0.49793185278888763,53,Experience 1016
1017,Adventure,0.8986224157650411,0.4138920991005588,0.5580723954683906,0.6429984233408326,53,Experience 1017
1018,Sports,0.595787399703456,0.7252492811161741,0.1405053734195307,0.867172276606706,36,Experience 1018
1019,Puzzle,0.5059661119161158,0.8228200647408448,0.25703256530651847,0.9988296373336586,24,Experience 1019
1020,Simulation,0.8220634578382588,0.5054615596538111,0.3982077558970217,0.6135164847298321,13,Experience 1020
1021,Creative,0.6317033375365485,0.227795161908673,0.5969784094803497,0.8897794665398687,40,Experience 1021
1022,Adventure,0.5006486309375991,0.407575941114626,0.4697425498140824,0.908608246555642,36,Experience 1022
1023,Strategy,0.9342751448681819,0.42414928628969717,0.21790973646706546,0.7914514878076223,48,Experience 1023
1024,Sports,0.7120515552427965,0.5535760301547662,0.4935230317114728,0.4609313910731102,39,Experience 1024
1025,Social,0.838744739121835,0.7279884901895025,0.5876677647056102,0.08115400042389931,14,Experience 1025
1026,Puzzle,0.7847705334160814,0.42366756650533016,0.29181670902175333,0.015805555440133845,14,Experience 1026
1027,Sports,0.8258355726034926,0.7779980359761599,0.5071112833110228,0.4772006332829246,49,Experience 1027
1028,Simulation,0.7474374024719366,0.7598079156453001,0.9057260947827066,0.49431453353461774,16,Experience 1028
1029,Puzzle,0.34181741162646295,0.7473540601800795,0.24484177503451932,0.4073623878629723,57,Experience 1029
1030,Puzzle,0.5255875329645523,0.2576702884243441,0.6969604774228595,0.5681673512913645,13,Experience 1030
1031,Adventure,0.6267069522672452,0.6020379288394027,0.9395582128996094,0.5521627033044271,46,Experience 1031
1032,Action,0.9183909657409185,0.1782087510115781,0.2798409650960937,0.836613041032693,59,Experience 1032
1033,Simulation,0.8859147305780027,0.25994278254149206,0.26482653605254525,0.10865710326226241,31,Experience 1033
1034,Strategy,0.5016628944231066,0.7184788322001798,0.7569144817322334,0.22517766610554546,11,Experience 1034
1035,Action,0.684933354468736,0.26281510722762724,0.29266923608351664,0.7930049789596304,54,Experience 1035
1036,Sports,0.9655169972756755,0.2298411882545339,0.2550485289661252,0.8478368672236546,17,Experience 1036
1037,Sports,0.7994490651436071,0.7023148063737304,0.32633999115849643,0.9948242136208678,35,Experience 1037
1038,Creative,0.8025898263845425,0.4058560569474049,0.8087225901435202,0.8729120163870842,60,Experience 1038
1039,Social,0.8194814495513689,0.2752805682140255,0.2419454802582048,0.889899007072331,47,Experience 1039
1040,Adventure,0.8007594991172722,0.32669075580494433,0.1528993913771743,0.31434794262990484,10,Experience 1040
1041,Sports,0.6879201981801872,0.7175911275892214,0.42773011591589366,0.4016616340093764,51,Experience 1041
1042,Social,0.3938579788705362,0.13901505257777338,0.8546241607610466,0.26808510482055103,16,Experience 1042
1043,Creative,0.8838983032607785,0.7641225701636372,0.5942808569171103,0.6062993981927156,47,Experience 1043
1044,Action,0.8578996664042653,0.7405382156713768,0.540545681694017,0.9388053542070384,40,Experience 1044
1045,Strategy,0.6865679540637682,0.41248997616231725,0.8858497306039471,0.34464088651161773,23,Experience 1045
1046,Puzzle,0.9358581895296346,0.29379059510898065,0.3646871905132503,0.5570017818814502,30,Experience 1046
1047,Strategy,0.22550606962591,0.21487675504110046,0.6209051459122696,0.29629963045348506,14,Experience 1047
1048,Social,0.23047899542442077,0.8328371585656826,0.2699649703256335,0.1697999737727075,60,Experience 1048
1049,Sports,0.43708366386653486,0.25365273773401975,0.5512982630814426,0.19518552981865567,20,Experience 1049
1050,Sports,0.6444432625143321,0.20325738125026543,0.7840857883345029,0.05794534453812994,24,Experience 1050
1051,Adventure,0.7608650542535511,0.49452044295652725,0.5049786641965721,0.9492935230092574,34,Experience 1051
1052,Creative,0.6879474895864814,0.8150878066775633,0.5427584275418881,0.4028796085076296,43,Experience 1052
1053,Puzzle,0.7426572934279929,0.7514869168546299,0.29049765087304547,0.8341208920021081,34,Experience 1053
1054,Puzzle,0.6795756146978778,0.2537314254122666,0.25099593491596295,0.6813294726896911,34,Experience 1054
1055,Action,0.9121309206982589,0.3826203354113438,0.24990735929412516,0.1919211614110854,38,Experience 1055
1056,Simulation,0.5850817489192739,0.12748808724082272,0.8708251250831834,0.17546224657908782,53,Experience 1056
1057,Adventure,0.6456559365327232,0.21799604356910007,0.3788184780326499,0.8119882015105448,28,Experience 1057
1058,Social,0.5666390936836835,0.5294440043668863,0.4156619036213059,0.26471171061953735,52,Experience 1058
1059,Social,0.7489549716721217,0.49115304991383646,0.6826986067555766,0.9132851837019758,49,Experience 1059
1060,Strategy,0.8620933017122632,0.10515677991185046,0.3772606570904063,0.14005540468949063,58,Experience 1060
1061,Social,0.9515114053456255,0.4883887845440612,0.3838014404080356,0.6777086144544695,56,Experience 1061
1062,Creative,0.7566608128373626,0.25012546201380914,0.431135077105207,0.8144738760309339,50,Experience 1062
1063,Strategy,0.7810917854701819,0.23499527123424255,0.5114173417348135,0.235256388415645,21,Experience 1063
1064,Puzzle,0.6204758892789963,0.44353519225804183,0.6632419642315316,0.27620736345656605,49,Experience 1064
1065,Creative,0.7619316682455927,0.3645751585148475,0.26301799104792395,0.9645188861392017,47,Experience 1065
1066,Strategy,0.5933044321129625,0.8148765601157231,0.9082281614290438,0.2645976053461583,23,Experience 1066
1067,Creative,0.788764048918011,0.45809724872206764,0.5921026845821029,0.4299570499000478,43,Experience 1067
1068,Action,0.698456042052288,0.25945602907574494,0.3550613668330224,0.4325155932423661,21,Experience 1068
1069,Puzzle,0.8068156107352968,0.6551858372056814,0.8842124935251735,0.25303474992968356,35,Experience 1069
1070,Sports,0.9021629239090754,0.4240213755135868,0.7602726894428304,0.7757910864370905,50,Experience 1070
1071,Adventure,0.5432545608778258,0.5917055303234199,0.8111881708009158,0.7718493432291552,17,Experience 1071
1072,Puzzle,0.7449779069249327,0.3414623639761886,0.973475515285742,0.37831801422378564,25,Experience 1072
1073,Adventure,0.687693407311507,0.5642695337399875,0.7523432280065728,0.8351257910807337,50,Experience 1073
1074,Social,0.7411737446379107,0.13364465011210938,0.5667526591354218,0.21307493439900238,32,Experience 1074
1075,Puzzle,0.7701763699744956,0.5714931074517187,0.7080993700732455,0.004305775667678646,58,Experience 1075
1076,Creative,0.7805257487778566,0.3562342599893083,0.7812983230640933,0.571167362055741,8,Experience 1076
1077,Adventure,0.8965830938027713,0.19886755940539314,0.09804379532563608,0.9940777724523785,46,Experience 1077
1078,Simulation,0.9139745006021853,0.4875947260651535,0.10812422883655733,0.038644309826884604,51,Experience 1078
1079,Social,0.6252808613431486,0.16517880364947962,0.23552542607568028,0.20799807370846057,56,Experience 1079
1080,Strategy,0.4960287753620589,0.3772823688301061,0.669450532879556,0.5189146424870842,16,Experience 1080
1081,Puzzle,0.5738102986510725,0.5468042713764619,0.3811493240377567,0.8099407364448706,60,Experience 1081
1082,Adventure,0.9400697448772719,0.6645999956719907,0.1368397110942475,0.08904200507505322,28,Experience 1082
1083,Sports,0.5638116113845065,0.5523903507798276,0.3674940432740611,0.3952346537588943,26,Experience 1083
1084,Social,0.6722561348379004,0.2863456816441453,0.5362524927433157,0.7470758006298863,26,Experience 1084
1085,Social,0.715133524882573,0.39231657554648286,0.681782684374937,0.37154320840636157,41,Experience 1085
1086,Action,0.6307900998772656,0.13258990032316498,0.30142124347419363,0.18883642047563898,42,Experience 1086
1087,Creative,0.7417160017369715,0.39800694016107663,0.5803538931422866,0.19549582739658733,33,Experience 1087
1088,Sports,0.931739259022481,0.42078797748783864,0.5549692853271866,0.41004878691499425,11,Experience 1088
1089,Sports,0.3014679423689484,0.7496212264791996,0.8991409816135325,0.47941707480589113,60,Experience 1089
1090,Puzzle,0.5586098880458512,0.4251872277402517,0.5338484342208252,0.861814417816014,19,Experience 1090
1091,Sports,0.6742348817628386,0.2717222536331008,0.7498162980972818,0.6422524185679935,12,Experience 1091
1092,Sports,0.8280410369904486,0.5343815491606264,0.7426691928850321,0.6904019545155015,39,Experience 1092
1093,Puzzle,0.5054580561223759,0.3724006037822283,0.14444974737398128,0.982987171535907,29,Experience 1093
1094,Strategy,0.777065958629862,0.5840090382012306,0.30161475928009857,0.41184344030097375,40,Experience 1094
1095,Creative,0.5802362817422383,0.40060039171934336,0.7708173982045061,0.4033544032491283,54,Experience 1095
1096,Adventure,0.7903170826018652,0.47516273627694944,0.5362341337297925,0.9233469677258123,13,Experience 1096
1097,Social,0.6621084266035628,0.37662003975425473,0.5070806368539267,0.24587558700505863,23,Experience 1097
1098,Social,0.534058177188557,0.4459803600128759,0.27074952499007576,0.7298152463028666,35,Experience 1098
1099,Adventure,0.8332801744008336,0.4077151465805127,0.8307594812615263,0.7545731382181347,49,Experience 1099
1100,Sports,0.8539423752816214,0.5771516782683807,0.6603015579098336,0.09778799744544309,39,Experience 1100
1101,Adventure,0.7760911633714107,0.16243741150978735,0.2510263664566988,0.468231405693584,28,Experience 1101
1102,Sports,0.9402838286695967,0.41250212216169535,0.1907643304361418,0.20056247132155403,40,Experience 1102
1103,Action,0.6677544964493587,0.44617239571936057,0.794276194278496,0.18537527280248567,59,Experience 1103
1104,Sports,0.7763284069557427,0.7928984171430337,0.17070696308246863,0.4638281104628762,33,Experience 1104
1105,Sports,0.6106599794863272,0.6391373818905719,0.6213931070244737,0.28942970750806496,54,Experience 1105
1106,Sports,0.8146785788760947,0.3647619692710552,0.6750256601127794,0.7960604476258709,49,Experience 1106
1107,Social,0.7428970964662264,0.8045676070342606,0.8160785123357384,0.9076048913904824,23,Experience 1107
1108,Puzzle,0.8425576923542274,0.4822507608830354,0.666849920378606,0.8027206052883656,21,Experience 1108
1109,Social,0.5415451963988065,0.6320276759129257,0.4602651355822746,0.26603087262166525,48,Experience 1109
1110,Creative,0.8487034770737338,0.6513439158584452,0.7080979103356375,0.27413439368860837,18,Experience 1110
1111,Sports,0.9428982678236225,0.8155250577848677,0.575778764164542,0.2547283501174674,25,Experience 1111
1112,Simulation,0.27359531317942476,0.4885963348973961,0.6296328968909383,0.13503809605623607,20,Experience 1112
1113,Puzzle,0.31435340576071746,0.7407415888945685,0.7096912838106965,0.9437983681037112,40,Experience 1113
1114,Simulation,0.9094073794904847,0.28673253367238216,0.07510503587737487,0.40204779815706937,23,Experience 1114
1115,Simulation,0.626658707429628,0.7075065986188209,0.5404405149990236,0.22468947454587374,42,Experience 1115
1116,Action,0.6678760843020042,0.5482724230839826,0.6479003468582198,0.8466710505082435,57,Experience 1116
1117,Adventure,0.41439548524848824,0.5042520610293434,0.5381695778516243,0.39919530265779046,51,Experience 1117
1118,Adventure,0.6594774101626886,0.3565880675711896,0.5086937555214479,0.03511681110966658,58,Experience 1118
1119,Action,0.8086136050725224,0.7572883677081093,0.5086964614589882,0.16194157024963118,9,Experience 1119
